batch.name,treatment,control
f1.PHLC402.TPX.crizotinib,"f1.PHLC402.TPX.crizotinib.P601,f1.PHLC402.TPX.crizotinib.P602,f1.PHLC402.TPX.crizotinib.P604,f1.PHLC402.TPX.crizotinib.P605,f1.PHLC402.TPX.crizotinib.P606,f1.PHLC402.TPX.crizotinib.P611,f1.PHLC402.TPX.crizotinib.P612","f1.PHLC402.TPX.control.P603,f1.PHLC402.TPX.control.P607,f1.PHLC402.TPX.control.P608,f1.PHLC402.TPX.control.P609,f1.PHLC402.TPX.control.P610,f1.PHLC402.TPX.control.P613"
f2.PHLC402.TPX.crizotinib,"f2.PHLC402.TPX.crizotinib.P501,f2.PHLC402.TPX.crizotinib.P502,f2.PHLC402.TPX.crizotinib.P504,f2.PHLC402.TPX.crizotinib.P508,f2.PHLC402.TPX.crizotinib.P509,f2.PHLC402.TPX.crizotinib.P512","f2.PHLC402.TPX.control.P503,f2.PHLC402.TPX.control.P505,f2.PHLC402.TPX.control.P506,f2.PHLC402.TPX.control.P507,f2.PHLC402.TPX.control.P510,f2.PHLC402.TPX.control.P513"
f3.PHLC137.TPX.palbociclib,"f3.PHLC137.TPX.palbociclib.P801,f3.PHLC137.TPX.palbociclib.P804,f3.PHLC137.TPX.palbociclib.P805,f3.PHLC137.TPX.palbociclib.P807,f3.PHLC137.TPX.palbociclib.P809,f3.PHLC137.TPX.palbociclib.P811","f3.PHLC137.TPX.control.P802,f3.PHLC137.TPX.control.P803,f3.PHLC137.TPX.control.P806,f3.PHLC137.TPX.control.P808,f3.PHLC137.TPX.control.P810,f3.PHLC137.TPX.control.P812"
f4.PHLC191.TPX.palbociclib,"f4.PHLC191.TPX.palbociclib.P601,f4.PHLC191.TPX.palbociclib.P603,f4.PHLC191.TPX.palbociclib.P605,f4.PHLC191.TPX.palbociclib.P609,f4.PHLC191.TPX.palbociclib.P610,f4.PHLC191.TPX.palbociclib.P612","f4.PHLC191.TPX.control.P602,f4.PHLC191.TPX.control.P604,f4.PHLC191.TPX.control.P606,f4.PHLC191.TPX.control.P607,f4.PHLC191.TPX.control.P608,f4.PHLC191.TPX.control.P611"
f5.PHLC228.TPX.palbociclib,"f5.PHLC228.TPX.palbociclib.P501,f5.PHLC228.TPX.palbociclib.P502,f5.PHLC228.TPX.palbociclib.P503,f5.PHLC228.TPX.palbociclib.P509,f5.PHLC228.TPX.palbociclib.P510,f5.PHLC228.TPX.palbociclib.P511","f5.PHLC228.TPX.control.P504,f5.PHLC228.TPX.control.P505,f5.PHLC228.TPX.control.P506,f5.PHLC228.TPX.control.P507,f5.PHLC228.TPX.control.P508"
f6.PHLC108.TPX.Vandetanib,"f6.PHLC108.TPX.Vandetanib.P803,f6.PHLC108.TPX.Vandetanib.P804,f6.PHLC108.TPX.Vandetanib.P809,f6.PHLC108.TPX.Vandetanib.P811,f6.PHLC108.TPX.Vandetanib.P813,f6.PHLC108.TPX.Vandetanib.P814","f6.PHLC108.TPX.control.P805,f6.PHLC108.TPX.control.P807,f6.PHLC108.TPX.control.P808,f6.PHLC108.TPX.control.P815"
f6.PHLC108.TPX.dacomitinib,"f6.PHLC108.TPX.dacomitinib.P801,f6.PHLC108.TPX.dacomitinib.P802,f6.PHLC108.TPX.dacomitinib.P806,f6.PHLC108.TPX.dacomitinib.P810,f6.PHLC108.TPX.dacomitinib.P812,f6.PHLC108.TPX.dacomitinib.P816","f6.PHLC108.TPX.control.P805,f6.PHLC108.TPX.control.P807,f6.PHLC108.TPX.control.P808,f6.PHLC108.TPX.control.P815"
f7.PHLC137.TPX.erlotinib,"f7.PHLC137.TPX.erlotinib.P1221,f7.PHLC137.TPX.erlotinib.P1222,f7.PHLC137.TPX.erlotinib.P1224,f7.PHLC137.TPX.erlotinib.P1225,f7.PHLC137.TPX.erlotinib.P1226,f7.PHLC137.TPX.erlotinib.P1229,f7.PHLC137.TPX.erlotinib.P1231,f7.PHLC137.TPX.erlotinib.P1238,f7.PHLC137.TPX.erlotinib.P1239,f7.PHLC137.TPX.erlotinib.P1241","f7.PHLC137.TPX.control.P1223,f7.PHLC137.TPX.control.P1227,f7.PHLC137.TPX.control.P1228,f7.PHLC137.TPX.control.P1230,f7.PHLC137.TPX.control.P1232,f7.PHLC137.TPX.control.P1233,f7.PHLC137.TPX.control.P1234,f7.PHLC137.TPX.control.P1235,f7.PHLC137.TPX.control.P1236"
f8.PHLC137.TPX.erlotinib,"f8.PHLC137.TPX.erlotinib.P1202,f8.PHLC137.TPX.erlotinib.P1204,f8.PHLC137.TPX.erlotinib.P1207,f8.PHLC137.TPX.erlotinib.P1209,f8.PHLC137.TPX.erlotinib.P1212,f8.PHLC137.TPX.erlotinib.P1213","f8.PHLC137.TPX.control.P1201,f8.PHLC137.TPX.control.P1203,f8.PHLC137.TPX.control.P1205,f8.PHLC137.TPX.control.P1208,f8.PHLC137.TPX.control.P1210,f8.PHLC137.TPX.control.P1211"
f9.PHLC137.TPX.dacomitinib,"f9.PHLC137.TPX.dacomitinib.P704,f9.PHLC137.TPX.dacomitinib.P706,f9.PHLC137.TPX.dacomitinib.P708,f9.PHLC137.TPX.dacomitinib.P714,f9.PHLC137.TPX.dacomitinib.P717,f9.PHLC137.TPX.dacomitinib.P718","f9.PHLC137.TPX.control.P701,f9.PHLC137.TPX.control.P707,f9.PHLC137.TPX.control.P709,f9.PHLC137.TPX.control.P713,f9.PHLC137.TPX.control.P715"
f9.PHLC137.TPX.erlotinib,"f9.PHLC137.TPX.erlotinib.P703,f9.PHLC137.TPX.erlotinib.P705,f9.PHLC137.TPX.erlotinib.P710,f9.PHLC137.TPX.erlotinib.P711,f9.PHLC137.TPX.erlotinib.P712,f9.PHLC137.TPX.erlotinib.P716","f9.PHLC137.TPX.control.P701,f9.PHLC137.TPX.control.P707,f9.PHLC137.TPX.control.P709,f9.PHLC137.TPX.control.P713,f9.PHLC137.TPX.control.P715"
f10.PHLC148.TPX.crizotinib,"f10.PHLC148.TPX.crizotinib.P1106,f10.PHLC148.TPX.crizotinib.P1109,f10.PHLC148.TPX.crizotinib.P1110,f10.PHLC148.TPX.crizotinib.P1114,f10.PHLC148.TPX.crizotinib.P1120,f10.PHLC148.TPX.crizotinib.P1121,f10.PHLC148.TPX.crizotinib.P1123","f10.PHLC148.TPX.control.P1101,f10.PHLC148.TPX.control.P1104,f10.PHLC148.TPX.control.P1107,f10.PHLC148.TPX.control.P1113,f10.PHLC148.TPX.control.P1117,f10.PHLC148.TPX.control.P1126"
f10.PHLC148.TPX.erlotinib,"f10.PHLC148.TPX.erlotinib.P1102,f10.PHLC148.TPX.erlotinib.P1105,f10.PHLC148.TPX.erlotinib.P1112,f10.PHLC148.TPX.erlotinib.P1115,f10.PHLC148.TPX.erlotinib.P1118,f10.PHLC148.TPX.erlotinib.P1119,f10.PHLC148.TPX.erlotinib.P1122","f10.PHLC148.TPX.control.P1101,f10.PHLC148.TPX.control.P1104,f10.PHLC148.TPX.control.P1107,f10.PHLC148.TPX.control.P1113,f10.PHLC148.TPX.control.P1117,f10.PHLC148.TPX.control.P1126"
f10.PHLC148.TPX.erlotinib+crizotinib,"f10.PHLC148.TPX.erlotinib+crizotinib.P1103,f10.PHLC148.TPX.erlotinib+crizotinib.P1108,f10.PHLC148.TPX.erlotinib+crizotinib.P1111,f10.PHLC148.TPX.erlotinib+crizotinib.P1116,f10.PHLC148.TPX.erlotinib+crizotinib.P1124,f10.PHLC148.TPX.erlotinib+crizotinib.P1125,f10.PHLC148.TPX.erlotinib+crizotinib.P1127","f10.PHLC148.TPX.control.P1101,f10.PHLC148.TPX.control.P1104,f10.PHLC148.TPX.control.P1107,f10.PHLC148.TPX.control.P1113,f10.PHLC148.TPX.control.P1117,f10.PHLC148.TPX.control.P1126"
f11.PHLC148.TPX.dacomitinib,"f11.PHLC148.TPX.dacomitinib.P603,f11.PHLC148.TPX.dacomitinib.P605,f11.PHLC148.TPX.dacomitinib.P607,f11.PHLC148.TPX.dacomitinib.P613,f11.PHLC148.TPX.dacomitinib.P615,f11.PHLC148.TPX.dacomitinib.P617","f11.PHLC148.TPX.control.P601,f11.PHLC148.TPX.control.P602,f11.PHLC148.TPX.control.P606,f11.PHLC148.TPX.control.P608,f11.PHLC148.TPX.control.P609,f11.PHLC148.TPX.control.P614"
f11.PHLC148.TPX.erlotinib,"f11.PHLC148.TPX.erlotinib.P604,f11.PHLC148.TPX.erlotinib.P610,f11.PHLC148.TPX.erlotinib.P611,f11.PHLC148.TPX.erlotinib.P612,f11.PHLC148.TPX.erlotinib.P616,f11.PHLC148.TPX.erlotinib.P618","f11.PHLC148.TPX.control.P601,f11.PHLC148.TPX.control.P602,f11.PHLC148.TPX.control.P606,f11.PHLC148.TPX.control.P608,f11.PHLC148.TPX.control.P609,f11.PHLC148.TPX.control.P614"
f12.PHLC148.TPX.afatinib,"f12.PHLC148.TPX.afatinib.P805,f12.PHLC148.TPX.afatinib.P806,f12.PHLC148.TPX.afatinib.P811,f12.PHLC148.TPX.afatinib.P814,f12.PHLC148.TPX.afatinib.P815","f12.PHLC148.TPX.control.P801,f12.PHLC148.TPX.control.P803,f12.PHLC148.TPX.control.P804,f12.PHLC148.TPX.control.P808,f12.PHLC148.TPX.control.P810"
f12.PHLC148.TPX.cetuximab,"f12.PHLC148.TPX.cetuximab.P802,f12.PHLC148.TPX.cetuximab.P809,f12.PHLC148.TPX.cetuximab.P812,f12.PHLC148.TPX.cetuximab.P813,f12.PHLC148.TPX.cetuximab.P816","f12.PHLC148.TPX.control.P801,f12.PHLC148.TPX.control.P803,f12.PHLC148.TPX.control.P804,f12.PHLC148.TPX.control.P808,f12.PHLC148.TPX.control.P810"
f13.PHLC164.TPX.RO599,"f13.PHLC164.TPX.RO599.P103,f13.PHLC164.TPX.RO599.P115,f13.PHLC164.TPX.RO599.P121,f13.PHLC164.TPX.RO599.P161,f13.PHLC164.TPX.RO599.P162,f13.PHLC164.TPX.RO599.P171,f13.PHLC164.TPX.RO599.P184,f13.PHLC164.TPX.RO599.P185,f13.PHLC164.TPX.RO599.P24,f13.PHLC164.TPX.RO599.P61,f13.PHLC164.TPX.RO599.P62","f13.PHLC164.TPX.control.P102,f13.PHLC164.TPX.control.P11,f13.PHLC164.TPX.control.P111,f13.PHLC164.TPX.control.P122,f13.PHLC164.TPX.control.P123,f13.PHLC164.TPX.control.P131,f13.PHLC164.TPX.control.P135,f13.PHLC164.TPX.control.P145,f13.PHLC164.TPX.control.P154,f13.PHLC164.TPX.control.P172,f13.PHLC164.TPX.control.P175,f13.PHLC164.TPX.control.P194,f13.PHLC164.TPX.control.P52,f13.PHLC164.TPX.control.P53,f13.PHLC164.TPX.control.P75,f13.PHLC164.TPX.control.P81,f13.PHLC164.TPX.control.P82,f13.PHLC164.TPX.control.P84"
f13.PHLC164.TPX.cetuximab,"f13.PHLC164.TPX.cetuximab.P112,f13.PHLC164.TPX.cetuximab.P13,f13.PHLC164.TPX.cetuximab.P133,f13.PHLC164.TPX.cetuximab.P141,f13.PHLC164.TPX.cetuximab.P15,f13.PHLC164.TPX.cetuximab.P153,f13.PHLC164.TPX.cetuximab.P163,f13.PHLC164.TPX.cetuximab.P183,f13.PHLC164.TPX.cetuximab.P192,f13.PHLC164.TPX.cetuximab.P23,f13.PHLC164.TPX.cetuximab.P25,f13.PHLC164.TPX.cetuximab.P44,f13.PHLC164.TPX.cetuximab.P74","f13.PHLC164.TPX.control.P102,f13.PHLC164.TPX.control.P11,f13.PHLC164.TPX.control.P111,f13.PHLC164.TPX.control.P122,f13.PHLC164.TPX.control.P123,f13.PHLC164.TPX.control.P131,f13.PHLC164.TPX.control.P135,f13.PHLC164.TPX.control.P145,f13.PHLC164.TPX.control.P154,f13.PHLC164.TPX.control.P172,f13.PHLC164.TPX.control.P175,f13.PHLC164.TPX.control.P194,f13.PHLC164.TPX.control.P52,f13.PHLC164.TPX.control.P53,f13.PHLC164.TPX.control.P75,f13.PHLC164.TPX.control.P81,f13.PHLC164.TPX.control.P82,f13.PHLC164.TPX.control.P84"
f13.PHLC164.TPX.cetuximab+RO599,"f13.PHLC164.TPX.cetuximab+RO599.P113,f13.PHLC164.TPX.cetuximab+RO599.P114,f13.PHLC164.TPX.cetuximab+RO599.P124,f13.PHLC164.TPX.cetuximab+RO599.P165,f13.PHLC164.TPX.cetuximab+RO599.P173,f13.PHLC164.TPX.cetuximab+RO599.P174,f13.PHLC164.TPX.cetuximab+RO599.P191,f13.PHLC164.TPX.cetuximab+RO599.P22,f13.PHLC164.TPX.cetuximab+RO599.P33,f13.PHLC164.TPX.cetuximab+RO599.P35,f13.PHLC164.TPX.cetuximab+RO599.P42,f13.PHLC164.TPX.cetuximab+RO599.P64,f13.PHLC164.TPX.cetuximab+RO599.P91,f13.PHLC164.TPX.cetuximab+RO599.P92","f13.PHLC164.TPX.control.P102,f13.PHLC164.TPX.control.P11,f13.PHLC164.TPX.control.P111,f13.PHLC164.TPX.control.P122,f13.PHLC164.TPX.control.P123,f13.PHLC164.TPX.control.P131,f13.PHLC164.TPX.control.P135,f13.PHLC164.TPX.control.P145,f13.PHLC164.TPX.control.P154,f13.PHLC164.TPX.control.P172,f13.PHLC164.TPX.control.P175,f13.PHLC164.TPX.control.P194,f13.PHLC164.TPX.control.P52,f13.PHLC164.TPX.control.P53,f13.PHLC164.TPX.control.P75,f13.PHLC164.TPX.control.P81,f13.PHLC164.TPX.control.P82,f13.PHLC164.TPX.control.P84"
f13.PHLC164.TPX.dacomitinib,"f13.PHLC164.TPX.dacomitinib.P12,f13.PHLC164.TPX.dacomitinib.P143,f13.PHLC164.TPX.dacomitinib.P43,f13.PHLC164.TPX.dacomitinib.P85","f13.PHLC164.TPX.control.P102,f13.PHLC164.TPX.control.P11,f13.PHLC164.TPX.control.P111,f13.PHLC164.TPX.control.P122,f13.PHLC164.TPX.control.P123,f13.PHLC164.TPX.control.P131,f13.PHLC164.TPX.control.P135,f13.PHLC164.TPX.control.P145,f13.PHLC164.TPX.control.P154,f13.PHLC164.TPX.control.P172,f13.PHLC164.TPX.control.P175,f13.PHLC164.TPX.control.P194,f13.PHLC164.TPX.control.P52,f13.PHLC164.TPX.control.P53,f13.PHLC164.TPX.control.P75,f13.PHLC164.TPX.control.P81,f13.PHLC164.TPX.control.P82,f13.PHLC164.TPX.control.P84"
f13.PHLC164.TPX.erlotinib,"f13.PHLC164.TPX.erlotinib.P101,f13.PHLC164.TPX.erlotinib.P125,f13.PHLC164.TPX.erlotinib.P144,f13.PHLC164.TPX.erlotinib.P151,f13.PHLC164.TPX.erlotinib.P164,f13.PHLC164.TPX.erlotinib.P182,f13.PHLC164.TPX.erlotinib.P193,f13.PHLC164.TPX.erlotinib.P54,f13.PHLC164.TPX.erlotinib.P55,f13.PHLC164.TPX.erlotinib.P73,f13.PHLC164.TPX.erlotinib.P83,f13.PHLC164.TPX.erlotinib.P93","f13.PHLC164.TPX.control.P102,f13.PHLC164.TPX.control.P11,f13.PHLC164.TPX.control.P111,f13.PHLC164.TPX.control.P122,f13.PHLC164.TPX.control.P123,f13.PHLC164.TPX.control.P131,f13.PHLC164.TPX.control.P135,f13.PHLC164.TPX.control.P145,f13.PHLC164.TPX.control.P154,f13.PHLC164.TPX.control.P172,f13.PHLC164.TPX.control.P175,f13.PHLC164.TPX.control.P194,f13.PHLC164.TPX.control.P52,f13.PHLC164.TPX.control.P53,f13.PHLC164.TPX.control.P75,f13.PHLC164.TPX.control.P81,f13.PHLC164.TPX.control.P82,f13.PHLC164.TPX.control.P84"
f13.PHLC164.TPX.erlotinib+RO599,"f13.PHLC164.TPX.erlotinib+RO599.P104,f13.PHLC164.TPX.erlotinib+RO599.P132,f13.PHLC164.TPX.erlotinib+RO599.P14,f13.PHLC164.TPX.erlotinib+RO599.P142,f13.PHLC164.TPX.erlotinib+RO599.P152,f13.PHLC164.TPX.erlotinib+RO599.P181,f13.PHLC164.TPX.erlotinib+RO599.P41,f13.PHLC164.TPX.erlotinib+RO599.P45,f13.PHLC164.TPX.erlotinib+RO599.P51,f13.PHLC164.TPX.erlotinib+RO599.P63,f13.PHLC164.TPX.erlotinib+RO599.P71,f13.PHLC164.TPX.erlotinib+RO599.P72,f13.PHLC164.TPX.erlotinib+RO599.P94","f13.PHLC164.TPX.control.P102,f13.PHLC164.TPX.control.P11,f13.PHLC164.TPX.control.P111,f13.PHLC164.TPX.control.P122,f13.PHLC164.TPX.control.P123,f13.PHLC164.TPX.control.P131,f13.PHLC164.TPX.control.P135,f13.PHLC164.TPX.control.P145,f13.PHLC164.TPX.control.P154,f13.PHLC164.TPX.control.P172,f13.PHLC164.TPX.control.P175,f13.PHLC164.TPX.control.P194,f13.PHLC164.TPX.control.P52,f13.PHLC164.TPX.control.P53,f13.PHLC164.TPX.control.P75,f13.PHLC164.TPX.control.P81,f13.PHLC164.TPX.control.P82,f13.PHLC164.TPX.control.P84"
f14.PHLC164.TPX.afatinib,"f14.PHLC164.TPX.afatinib.P1212,f14.PHLC164.TPX.afatinib.P1215,f14.PHLC164.TPX.afatinib.P1222","f14.PHLC164.TPX.control.P1201,f14.PHLC164.TPX.control.P1202,f14.PHLC164.TPX.control.P1206,f14.PHLC164.TPX.control.P1208,f14.PHLC164.TPX.control.P1210,f14.PHLC164.TPX.control.P1213,f14.PHLC164.TPX.control.P1216,f14.PHLC164.TPX.control.P1218,f14.PHLC164.TPX.control.P1224,f14.PHLC164.TPX.control.P1226,f14.PHLC164.TPX.control.P1229,f14.PHLC164.TPX.control.P1230,f14.PHLC164.TPX.control.P1231"
f14.PHLC164.TPX.dacomitinib,"f14.PHLC164.TPX.dacomitinib.P1203,f14.PHLC164.TPX.dacomitinib.P1204,f14.PHLC164.TPX.dacomitinib.P1205,f14.PHLC164.TPX.dacomitinib.P1207,f14.PHLC164.TPX.dacomitinib.P1209,f14.PHLC164.TPX.dacomitinib.P1211,f14.PHLC164.TPX.dacomitinib.P1214,f14.PHLC164.TPX.dacomitinib.P1217,f14.PHLC164.TPX.dacomitinib.P1219,f14.PHLC164.TPX.dacomitinib.P1220,f14.PHLC164.TPX.dacomitinib.P1221,f14.PHLC164.TPX.dacomitinib.P1223,f14.PHLC164.TPX.dacomitinib.P1225,f14.PHLC164.TPX.dacomitinib.P1227,f14.PHLC164.TPX.dacomitinib.P1228","f14.PHLC164.TPX.control.P1201,f14.PHLC164.TPX.control.P1202,f14.PHLC164.TPX.control.P1206,f14.PHLC164.TPX.control.P1208,f14.PHLC164.TPX.control.P1210,f14.PHLC164.TPX.control.P1213,f14.PHLC164.TPX.control.P1216,f14.PHLC164.TPX.control.P1218,f14.PHLC164.TPX.control.P1224,f14.PHLC164.TPX.control.P1226,f14.PHLC164.TPX.control.P1229,f14.PHLC164.TPX.control.P1230,f14.PHLC164.TPX.control.P1231"
f15.PHLC164.TPX.dacomitinib,"f15.PHLC164.TPX.dacomitinib.P10,f15.PHLC164.TPX.dacomitinib.P11,f15.PHLC164.TPX.dacomitinib.P12,f15.PHLC164.TPX.dacomitinib.P13,f15.PHLC164.TPX.dacomitinib.P14,f15.PHLC164.TPX.dacomitinib.P3,f15.PHLC164.TPX.dacomitinib.P4,f15.PHLC164.TPX.dacomitinib.P8","f15.PHLC164.TPX.control.P1,f15.PHLC164.TPX.control.P15,f15.PHLC164.TPX.control.P16,f15.PHLC164.TPX.control.P2,f15.PHLC164.TPX.control.P5,f15.PHLC164.TPX.control.P6,f15.PHLC164.TPX.control.P7,f15.PHLC164.TPX.control.P9"
f16.PHLC164.TPX.afatinib,"f16.PHLC164.TPX.afatinib.P1803,f16.PHLC164.TPX.afatinib.P1807,f16.PHLC164.TPX.afatinib.P1808,f16.PHLC164.TPX.afatinib.P1815,f16.PHLC164.TPX.afatinib.P1816,f16.PHLC164.TPX.afatinib.P1828","f16.PHLC164.TPX.control.P1802,f16.PHLC164.TPX.control.P1813,f16.PHLC164.TPX.control.P1824,f16.PHLC164.TPX.control.P1832,f16.PHLC164.TPX.control.P1833"
f16.PHLC164.TPX.cisplatin,"f16.PHLC164.TPX.cisplatin.P1818,f16.PHLC164.TPX.cisplatin.P1819,f16.PHLC164.TPX.cisplatin.P1820,f16.PHLC164.TPX.cisplatin.P1826,f16.PHLC164.TPX.cisplatin.P1831","f16.PHLC164.TPX.control.P1802,f16.PHLC164.TPX.control.P1813,f16.PHLC164.TPX.control.P1824,f16.PHLC164.TPX.control.P1832,f16.PHLC164.TPX.control.P1833"
f16.PHLC164.TPX.dacomitinib,"f16.PHLC164.TPX.dacomitinib.P1801,f16.PHLC164.TPX.dacomitinib.P1809,f16.PHLC164.TPX.dacomitinib.P1811,f16.PHLC164.TPX.dacomitinib.P1817,f16.PHLC164.TPX.dacomitinib.P1825,f16.PHLC164.TPX.dacomitinib.P1835","f16.PHLC164.TPX.control.P1802,f16.PHLC164.TPX.control.P1813,f16.PHLC164.TPX.control.P1824,f16.PHLC164.TPX.control.P1832,f16.PHLC164.TPX.control.P1833"
f16.PHLC164.TPX.dacomitinib+valproic,"f16.PHLC164.TPX.dacomitinib+valproic.P1805,f16.PHLC164.TPX.dacomitinib+valproic.P1812,f16.PHLC164.TPX.dacomitinib+valproic.P1821,f16.PHLC164.TPX.dacomitinib+valproic.P1822,f16.PHLC164.TPX.dacomitinib+valproic.P1827,f16.PHLC164.TPX.dacomitinib+valproic.P1829","f16.PHLC164.TPX.control.P1802,f16.PHLC164.TPX.control.P1813,f16.PHLC164.TPX.control.P1824,f16.PHLC164.TPX.control.P1832,f16.PHLC164.TPX.control.P1833"
f16.PHLC164.TPX.valproic,"f16.PHLC164.TPX.valproic.P1810,f16.PHLC164.TPX.valproic.P1814,f16.PHLC164.TPX.valproic.P1823,f16.PHLC164.TPX.valproic.P1830,f16.PHLC164.TPX.valproic.P1834","f16.PHLC164.TPX.control.P1802,f16.PHLC164.TPX.control.P1813,f16.PHLC164.TPX.control.P1824,f16.PHLC164.TPX.control.P1832,f16.PHLC164.TPX.control.P1833"
f17.PHLC164.TPX.afatinib,"f17.PHLC164.TPX.afatinib.P704,f17.PHLC164.TPX.afatinib.P708","f17.PHLC164.TPX.control.P702,f17.PHLC164.TPX.control.P705,f17.PHLC164.TPX.control.P707"
f17.PHLC164.TPX.dacomitinib,"f17.PHLC164.TPX.dacomitinib.P701,f17.PHLC164.TPX.dacomitinib.P703,f17.PHLC164.TPX.dacomitinib.P706,f17.PHLC164.TPX.dacomitinib.P709,f17.PHLC164.TPX.dacomitinib.P710","f17.PHLC164.TPX.control.P702,f17.PHLC164.TPX.control.P705,f17.PHLC164.TPX.control.P707"
f18.PHLC164.TPX.afatinib,"f18.PHLC164.TPX.afatinib.P801,f18.PHLC164.TPX.afatinib.P802,f18.PHLC164.TPX.afatinib.P803,f18.PHLC164.TPX.afatinib.P804,f18.PHLC164.TPX.afatinib.P805",
f19.PHLC164.TPX.dacomitinib,"f19.PHLC164.TPX.dacomitinib.P1,f19.PHLC164.TPX.dacomitinib.P2,f19.PHLC164.TPX.dacomitinib.P3,f19.PHLC164.TPX.dacomitinib.P4",
f20.PHLC164.TPX.dacomitinib,"f20.PHLC164.TPX.dacomitinib.P1,f20.PHLC164.TPX.dacomitinib.P10,f20.PHLC164.TPX.dacomitinib.P12,f20.PHLC164.TPX.dacomitinib.P2,f20.PHLC164.TPX.dacomitinib.P3,f20.PHLC164.TPX.dacomitinib.P6","f20.PHLC164.TPX.control.P11,f20.PHLC164.TPX.control.P4,f20.PHLC164.TPX.control.P5,f20.PHLC164.TPX.control.P7,f20.PHLC164.TPX.control.P8,f20.PHLC164.TPX.control.P9"
f21.PHLC164.TPX.dacomitinib,"f21.PHLC164.TPX.dacomitinib.P10,f21.PHLC164.TPX.dacomitinib.P11,f21.PHLC164.TPX.dacomitinib.P12,f21.PHLC164.TPX.dacomitinib.P13,f21.PHLC164.TPX.dacomitinib.P14,f21.PHLC164.TPX.dacomitinib.P15,f21.PHLC164.TPX.dacomitinib.P2,f21.PHLC164.TPX.dacomitinib.P4,f21.PHLC164.TPX.dacomitinib.P6,f21.PHLC164.TPX.dacomitinib.P7","f21.PHLC164.TPX.control.P1,f21.PHLC164.TPX.control.P3,f21.PHLC164.TPX.control.P5,f21.PHLC164.TPX.control.P8,f21.PHLC164.TPX.control.P9"
f22.PHLC164.TPX.dacomitinib,"f22.PHLC164.TPX.dacomitinib.P10,f22.PHLC164.TPX.dacomitinib.P2,f22.PHLC164.TPX.dacomitinib.P3,f22.PHLC164.TPX.dacomitinib.P5,f22.PHLC164.TPX.dacomitinib.P7,f22.PHLC164.TPX.dacomitinib.P8","f22.PHLC164.TPX.control.P1,f22.PHLC164.TPX.control.P11,f22.PHLC164.TPX.control.P12,f22.PHLC164.TPX.control.P4,f22.PHLC164.TPX.control.P6,f22.PHLC164.TPX.control.P9"
f23.PHLC164.TPX.cisplatin,"f23.PHLC164.TPX.cisplatin.P1,f23.PHLC164.TPX.cisplatin.P11,f23.PHLC164.TPX.cisplatin.P12,f23.PHLC164.TPX.cisplatin.P17,f23.PHLC164.TPX.cisplatin.P3,f23.PHLC164.TPX.cisplatin.P8","f23.PHLC164.TPX.control.P14,f23.PHLC164.TPX.control.P16,f23.PHLC164.TPX.control.P25,f23.PHLC164.TPX.control.P26,f23.PHLC164.TPX.control.P28,f23.PHLC164.TPX.control.P7"
f23.PHLC164.TPX.dacomitinib,"f23.PHLC164.TPX.dacomitinib.P18,f23.PHLC164.TPX.dacomitinib.P19,f23.PHLC164.TPX.dacomitinib.P2,f23.PHLC164.TPX.dacomitinib.P27,f23.PHLC164.TPX.dacomitinib.P5,f23.PHLC164.TPX.dacomitinib.P9","f23.PHLC164.TPX.control.P14,f23.PHLC164.TPX.control.P16,f23.PHLC164.TPX.control.P25,f23.PHLC164.TPX.control.P26,f23.PHLC164.TPX.control.P28,f23.PHLC164.TPX.control.P7"
f23.PHLC164.TPX.gemcitabine,"f23.PHLC164.TPX.gemcitabine.P13,f23.PHLC164.TPX.gemcitabine.P15,f23.PHLC164.TPX.gemcitabine.P21,f23.PHLC164.TPX.gemcitabine.P22,f23.PHLC164.TPX.gemcitabine.P23,f23.PHLC164.TPX.gemcitabine.P29","f23.PHLC164.TPX.control.P14,f23.PHLC164.TPX.control.P16,f23.PHLC164.TPX.control.P25,f23.PHLC164.TPX.control.P26,f23.PHLC164.TPX.control.P28,f23.PHLC164.TPX.control.P7"
f23.PHLC164.TPX.vinorelbine,"f23.PHLC164.TPX.vinorelbine.P10,f23.PHLC164.TPX.vinorelbine.P20,f23.PHLC164.TPX.vinorelbine.P24,f23.PHLC164.TPX.vinorelbine.P30,f23.PHLC164.TPX.vinorelbine.P4,f23.PHLC164.TPX.vinorelbine.P6","f23.PHLC164.TPX.control.P14,f23.PHLC164.TPX.control.P16,f23.PHLC164.TPX.control.P25,f23.PHLC164.TPX.control.P26,f23.PHLC164.TPX.control.P28,f23.PHLC164.TPX.control.P7"
f24.PHLC164.TPX.dacomitinib,"f24.PHLC164.TPX.dacomitinib.P11,f24.PHLC164.TPX.dacomitinib.P12,f24.PHLC164.TPX.dacomitinib.P13,f24.PHLC164.TPX.dacomitinib.P14,f24.PHLC164.TPX.dacomitinib.P2,f24.PHLC164.TPX.dacomitinib.P3,f24.PHLC164.TPX.dacomitinib.P4,f24.PHLC164.TPX.dacomitinib.P6","f24.PHLC164.TPX.control.P1,f24.PHLC164.TPX.control.P10,f24.PHLC164.TPX.control.P15,f24.PHLC164.TPX.control.P5,f24.PHLC164.TPX.control.P7,f24.PHLC164.TPX.control.P8,f24.PHLC164.TPX.control.P9"
f25.PHLC164.TPX.dacomitinib,"f25.PHLC164.TPX.dacomitinib.P801,f25.PHLC164.TPX.dacomitinib.P802,f25.PHLC164.TPX.dacomitinib.P803,f25.PHLC164.TPX.dacomitinib.P809,f25.PHLC164.TPX.dacomitinib.P810,f25.PHLC164.TPX.dacomitinib.P811,f25.PHLC164.TPX.dacomitinib.P814,f25.PHLC164.TPX.dacomitinib.P815,f25.PHLC164.TPX.dacomitinib.P816,f25.PHLC164.TPX.dacomitinib.P819","f25.PHLC164.TPX.control.P804,f25.PHLC164.TPX.control.P805,f25.PHLC164.TPX.control.P806,f25.PHLC164.TPX.control.P807,f25.PHLC164.TPX.control.P808,f25.PHLC164.TPX.control.P812,f25.PHLC164.TPX.control.P813,f25.PHLC164.TPX.control.P817,f25.PHLC164.TPX.control.P818,f25.PHLC164.TPX.control.P820"
f26.PHLC164.TPX.afatinib,"f26.PHLC164.TPX.afatinib.P902,f26.PHLC164.TPX.afatinib.P903,f26.PHLC164.TPX.afatinib.P906,f26.PHLC164.TPX.afatinib.P908,f26.PHLC164.TPX.afatinib.P911,f26.PHLC164.TPX.afatinib.P915,f26.PHLC164.TPX.afatinib.P917,f26.PHLC164.TPX.afatinib.P921,f26.PHLC164.TPX.afatinib.P922,f26.PHLC164.TPX.afatinib.P923,f26.PHLC164.TPX.afatinib.P927,f26.PHLC164.TPX.afatinib.P928,f26.PHLC164.TPX.afatinib.P929,f26.PHLC164.TPX.afatinib.P930,f26.PHLC164.TPX.afatinib.P932,f26.PHLC164.TPX.afatinib.P935,f26.PHLC164.TPX.afatinib.P937,f26.PHLC164.TPX.afatinib.P938,f26.PHLC164.TPX.afatinib.P939,f26.PHLC164.TPX.afatinib.P940","f26.PHLC164.TPX.control.P901,f26.PHLC164.TPX.control.P904,f26.PHLC164.TPX.control.P905,f26.PHLC164.TPX.control.P907,f26.PHLC164.TPX.control.P909,f26.PHLC164.TPX.control.P910,f26.PHLC164.TPX.control.P912,f26.PHLC164.TPX.control.P913,f26.PHLC164.TPX.control.P914,f26.PHLC164.TPX.control.P916,f26.PHLC164.TPX.control.P918,f26.PHLC164.TPX.control.P919,f26.PHLC164.TPX.control.P920,f26.PHLC164.TPX.control.P924,f26.PHLC164.TPX.control.P925,f26.PHLC164.TPX.control.P926,f26.PHLC164.TPX.control.P931,f26.PHLC164.TPX.control.P934,f26.PHLC164.TPX.control.P936"
f27.PHLC169.TPX.dacomitinib,"f27.PHLC169.TPX.dacomitinib.P704,f27.PHLC169.TPX.dacomitinib.P705,f27.PHLC169.TPX.dacomitinib.P707,f27.PHLC169.TPX.dacomitinib.P708,f27.PHLC169.TPX.dacomitinib.P709,f27.PHLC169.TPX.dacomitinib.P710","f27.PHLC169.TPX.control.P701,f27.PHLC169.TPX.control.P702,f27.PHLC169.TPX.control.P703,f27.PHLC169.TPX.control.P706,f27.PHLC169.TPX.control.P711,f27.PHLC169.TPX.control.P712"
f28.PHLC192.TPX.erlotinib,"f28.PHLC192.TPX.erlotinib.P802,f28.PHLC192.TPX.erlotinib.P804,f28.PHLC192.TPX.erlotinib.P805,f28.PHLC192.TPX.erlotinib.P808,f28.PHLC192.TPX.erlotinib.P810,f28.PHLC192.TPX.erlotinib.P811","f28.PHLC192.TPX.control.P801,f28.PHLC192.TPX.control.P803,f28.PHLC192.TPX.control.P806,f28.PHLC192.TPX.control.P807,f28.PHLC192.TPX.control.P809,f28.PHLC192.TPX.control.P812"
f29.PHLC192.TPX.afatinib,"f29.PHLC192.TPX.afatinib.P1002,f29.PHLC192.TPX.afatinib.P1003,f29.PHLC192.TPX.afatinib.P1008,f29.PHLC192.TPX.afatinib.P1018,f29.PHLC192.TPX.afatinib.P1021,f29.PHLC192.TPX.afatinib.P1028","f29.PHLC192.TPX.control.P1005,f29.PHLC192.TPX.control.P1007,f29.PHLC192.TPX.control.P1010,f29.PHLC192.TPX.control.P1012,f29.PHLC192.TPX.control.P1017,f29.PHLC192.TPX.control.P1029"
f29.PHLC192.TPX.cetuximab,"f29.PHLC192.TPX.cetuximab.P1004,f29.PHLC192.TPX.cetuximab.P1011,f29.PHLC192.TPX.cetuximab.P1013,f29.PHLC192.TPX.cetuximab.P1019,f29.PHLC192.TPX.cetuximab.P1024,f29.PHLC192.TPX.cetuximab.P1030","f29.PHLC192.TPX.control.P1005,f29.PHLC192.TPX.control.P1007,f29.PHLC192.TPX.control.P1010,f29.PHLC192.TPX.control.P1012,f29.PHLC192.TPX.control.P1017,f29.PHLC192.TPX.control.P1029"
f29.PHLC192.TPX.crizotinib,"f29.PHLC192.TPX.crizotinib.P1009,f29.PHLC192.TPX.crizotinib.P1026,f29.PHLC192.TPX.crizotinib.P1027,f29.PHLC192.TPX.crizotinib.P1035,f29.PHLC192.TPX.crizotinib.P1038,f29.PHLC192.TPX.crizotinib.P1039","f29.PHLC192.TPX.control.P1005,f29.PHLC192.TPX.control.P1007,f29.PHLC192.TPX.control.P1010,f29.PHLC192.TPX.control.P1012,f29.PHLC192.TPX.control.P1017,f29.PHLC192.TPX.control.P1029"
f29.PHLC192.TPX.dacomitinib,"f29.PHLC192.TPX.dacomitinib.P1014,f29.PHLC192.TPX.dacomitinib.P1015,f29.PHLC192.TPX.dacomitinib.P1016,f29.PHLC192.TPX.dacomitinib.P1031,f29.PHLC192.TPX.dacomitinib.P1032,f29.PHLC192.TPX.dacomitinib.P1034","f29.PHLC192.TPX.control.P1005,f29.PHLC192.TPX.control.P1007,f29.PHLC192.TPX.control.P1010,f29.PHLC192.TPX.control.P1012,f29.PHLC192.TPX.control.P1017,f29.PHLC192.TPX.control.P1029"
f29.PHLC192.TPX.erlotinib,"f29.PHLC192.TPX.erlotinib.P1006,f29.PHLC192.TPX.erlotinib.P1025,f29.PHLC192.TPX.erlotinib.P1036,f29.PHLC192.TPX.erlotinib.P1037,f29.PHLC192.TPX.erlotinib.P1040","f29.PHLC192.TPX.control.P1005,f29.PHLC192.TPX.control.P1007,f29.PHLC192.TPX.control.P1010,f29.PHLC192.TPX.control.P1012,f29.PHLC192.TPX.control.P1017,f29.PHLC192.TPX.control.P1029"
f29.PHLC192.TPX.erlotinib+crizotinib,"f29.PHLC192.TPX.erlotinib+crizotinib.P1001,f29.PHLC192.TPX.erlotinib+crizotinib.P1020,f29.PHLC192.TPX.erlotinib+crizotinib.P1022,f29.PHLC192.TPX.erlotinib+crizotinib.P1023,f29.PHLC192.TPX.erlotinib+crizotinib.P1033","f29.PHLC192.TPX.control.P1005,f29.PHLC192.TPX.control.P1007,f29.PHLC192.TPX.control.P1010,f29.PHLC192.TPX.control.P1012,f29.PHLC192.TPX.control.P1017,f29.PHLC192.TPX.control.P1029"
f30.PHLCHCC827.TPX.erlotinib,"f30.PHLCHCC827.TPX.erlotinib.P1,f30.PHLCHCC827.TPX.erlotinib.P2",f30.PHLCHCC827.TPX.control.P3
f30.PHLCHCC827.TPX.erlotinib-25,"f30.PHLCHCC827.TPX.erlotinib-25.P4,f30.PHLCHCC827.TPX.erlotinib-25.P5",f30.PHLCHCC827.TPX.control.P3
f31.PHLCHCC827.TPX.erlotinib-25,"f31.PHLCHCC827.TPX.erlotinib-25.P1,f31.PHLCHCC827.TPX.erlotinib-25.P2,f31.PHLCHCC827.TPX.erlotinib-25.P5,f31.PHLCHCC827.TPX.erlotinib-25.P6","f31.PHLCHCC827.TPX.control.P10,f31.PHLCHCC827.TPX.control.P3,f31.PHLCHCC827.TPX.control.P4,f31.PHLCHCC827.TPX.control.P7,f31.PHLCHCC827.TPX.control.P9"
f32.PHLC200.TPX.BGJ398,"f32.PHLC200.TPX.BGJ398.P606,f32.PHLC200.TPX.BGJ398.P609,f32.PHLC200.TPX.BGJ398.P614,f32.PHLC200.TPX.BGJ398.P616,f32.PHLC200.TPX.BGJ398.P621,f32.PHLC200.TPX.BGJ398.P622","f32.PHLC200.TPX.control.P603,f32.PHLC200.TPX.control.P608,f32.PHLC200.TPX.control.P611,f32.PHLC200.TPX.control.P615,f32.PHLC200.TPX.control.P620,f32.PHLC200.TPX.control.P623"
f33.PHLC200.TPX.BGJ398,"f33.PHLC200.TPX.BGJ398.P701,f33.PHLC200.TPX.BGJ398.P703,f33.PHLC200.TPX.BGJ398.P709,f33.PHLC200.TPX.BGJ398.P711,f33.PHLC200.TPX.BGJ398.P720,f33.PHLC200.TPX.BGJ398.P722","f33.PHLC200.TPX.control.P702,f33.PHLC200.TPX.control.P707,f33.PHLC200.TPX.control.P710,f33.PHLC200.TPX.control.P717,f33.PHLC200.TPX.control.P724,f33.PHLC200.TPX.control.P725"
f33.PHLC200.TPX.BGJ398+crizotinib,"f33.PHLC200.TPX.BGJ398+crizotinib.P705,f33.PHLC200.TPX.BGJ398+crizotinib.P708,f33.PHLC200.TPX.BGJ398+crizotinib.P716,f33.PHLC200.TPX.BGJ398+crizotinib.P718,f33.PHLC200.TPX.BGJ398+crizotinib.P719,f33.PHLC200.TPX.BGJ398+crizotinib.P721","f33.PHLC200.TPX.control.P702,f33.PHLC200.TPX.control.P707,f33.PHLC200.TPX.control.P710,f33.PHLC200.TPX.control.P717,f33.PHLC200.TPX.control.P724,f33.PHLC200.TPX.control.P725"
f33.PHLC200.TPX.crizotinib,"f33.PHLC200.TPX.crizotinib.P704,f33.PHLC200.TPX.crizotinib.P706,f33.PHLC200.TPX.crizotinib.P713,f33.PHLC200.TPX.crizotinib.P714,f33.PHLC200.TPX.crizotinib.P715,f33.PHLC200.TPX.crizotinib.P723","f33.PHLC200.TPX.control.P702,f33.PHLC200.TPX.control.P707,f33.PHLC200.TPX.control.P710,f33.PHLC200.TPX.control.P717,f33.PHLC200.TPX.control.P724,f33.PHLC200.TPX.control.P725"
f34.PHLC267.TPX.BGJ398,"f34.PHLC267.TPX.BGJ398.P712,f34.PHLC267.TPX.BGJ398.P715,f34.PHLC267.TPX.BGJ398.P716,f34.PHLC267.TPX.BGJ398.P720,f34.PHLC267.TPX.BGJ398.P722,f34.PHLC267.TPX.BGJ398.P723","f34.PHLC267.TPX.control.P702,f34.PHLC267.TPX.control.P709,f34.PHLC267.TPX.control.P710,f34.PHLC267.TPX.control.P713,f34.PHLC267.TPX.control.P717,f34.PHLC267.TPX.control.P725"
f35.PHLC274.TPX.BGJ398,"f35.PHLC274.TPX.BGJ398.P603,f35.PHLC274.TPX.BGJ398.P605,f35.PHLC274.TPX.BGJ398.P607,f35.PHLC274.TPX.BGJ398.P611,f35.PHLC274.TPX.BGJ398.P612,f35.PHLC274.TPX.BGJ398.P620","f35.PHLC274.TPX.control.P606,f35.PHLC274.TPX.control.P608,f35.PHLC274.TPX.control.P613,f35.PHLC274.TPX.control.P614,f35.PHLC274.TPX.control.P617,f35.PHLC274.TPX.control.P618"
f36.PHLC274.TPX.AZD4547,"f36.PHLC274.TPX.AZD4547.P705,f36.PHLC274.TPX.AZD4547.P710,f36.PHLC274.TPX.AZD4547.P714,f36.PHLC274.TPX.AZD4547.P725,f36.PHLC274.TPX.AZD4547.P728,f36.PHLC274.TPX.AZD4547.P732","f36.PHLC274.TPX.control.P719,f36.PHLC274.TPX.control.P720,f36.PHLC274.TPX.control.P727,f36.PHLC274.TPX.control.P733,f36.PHLC274.TPX.control.P734,f36.PHLC274.TPX.control.P735"
f36.PHLC274.TPX.BGJ398,"f36.PHLC274.TPX.BGJ398.P703,f36.PHLC274.TPX.BGJ398.P708,f36.PHLC274.TPX.BGJ398.P711,f36.PHLC274.TPX.BGJ398.P722,f36.PHLC274.TPX.BGJ398.P723,f36.PHLC274.TPX.BGJ398.P726","f36.PHLC274.TPX.control.P719,f36.PHLC274.TPX.control.P720,f36.PHLC274.TPX.control.P727,f36.PHLC274.TPX.control.P733,f36.PHLC274.TPX.control.P734,f36.PHLC274.TPX.control.P735"
f37.PHLC299.TPX.BGJ398,"f37.PHLC299.TPX.BGJ398.P705,f37.PHLC299.TPX.BGJ398.P706,f37.PHLC299.TPX.BGJ398.P709,f37.PHLC299.TPX.BGJ398.P715,f37.PHLC299.TPX.BGJ398.P717,f37.PHLC299.TPX.BGJ398.P721","f37.PHLC299.TPX.control.P701,f37.PHLC299.TPX.control.P703,f37.PHLC299.TPX.control.P708,f37.PHLC299.TPX.control.P716,f37.PHLC299.TPX.control.P718,f37.PHLC299.TPX.control.P723"
f38.PHLC321.TPX.BGJ398,"f38.PHLC321.TPX.BGJ398.P503,f38.PHLC321.TPX.BGJ398.P505,f38.PHLC321.TPX.BGJ398.P506,f38.PHLC321.TPX.BGJ398.P515,f38.PHLC321.TPX.BGJ398.P516,f38.PHLC321.TPX.BGJ398.P523","f38.PHLC321.TPX.control.P511,f38.PHLC321.TPX.control.P512,f38.PHLC321.TPX.control.P513,f38.PHLC321.TPX.control.P519,f38.PHLC321.TPX.control.P522,f38.PHLC321.TPX.control.P524"
f39.PHLC321.TPX.BGJ398,"f39.PHLC321.TPX.BGJ398.P801,f39.PHLC321.TPX.BGJ398.P802,f39.PHLC321.TPX.BGJ398.P821,f39.PHLC321.TPX.BGJ398.P823,f39.PHLC321.TPX.BGJ398.P824,f39.PHLC321.TPX.BGJ398.P825","f39.PHLC321.TPX.control.P806,f39.PHLC321.TPX.control.P807,f39.PHLC321.TPX.control.P815,f39.PHLC321.TPX.control.P816,f39.PHLC321.TPX.control.P817,f39.PHLC321.TPX.control.P819"
f39.PHLC321.TPX.BGJ398+crizotinib,"f39.PHLC321.TPX.BGJ398+crizotinib.P804,f39.PHLC321.TPX.BGJ398+crizotinib.P810,f39.PHLC321.TPX.BGJ398+crizotinib.P811,f39.PHLC321.TPX.BGJ398+crizotinib.P812,f39.PHLC321.TPX.BGJ398+crizotinib.P814,f39.PHLC321.TPX.BGJ398+crizotinib.P820","f39.PHLC321.TPX.control.P806,f39.PHLC321.TPX.control.P807,f39.PHLC321.TPX.control.P815,f39.PHLC321.TPX.control.P816,f39.PHLC321.TPX.control.P817,f39.PHLC321.TPX.control.P819"
f39.PHLC321.TPX.crizotinib,"f39.PHLC321.TPX.crizotinib.P803,f39.PHLC321.TPX.crizotinib.P808,f39.PHLC321.TPX.crizotinib.P809,f39.PHLC321.TPX.crizotinib.P813,f39.PHLC321.TPX.crizotinib.P818,f39.PHLC321.TPX.crizotinib.P822","f39.PHLC321.TPX.control.P806,f39.PHLC321.TPX.control.P807,f39.PHLC321.TPX.control.P815,f39.PHLC321.TPX.control.P816,f39.PHLC321.TPX.control.P817,f39.PHLC321.TPX.control.P819"
f40.PHLC321.TPX.BGJ398,"f40.PHLC321.TPX.BGJ398.P901,f40.PHLC321.TPX.BGJ398.P909,f40.PHLC321.TPX.BGJ398.P912,f40.PHLC321.TPX.BGJ398.P916,f40.PHLC321.TPX.BGJ398.P919,f40.PHLC321.TPX.BGJ398.P921","f40.PHLC321.TPX.control.P908,f40.PHLC321.TPX.control.P911,f40.PHLC321.TPX.control.P913,f40.PHLC321.TPX.control.P915,f40.PHLC321.TPX.control.P917,f40.PHLC321.TPX.control.P922"
f40.PHLC321.TPX.BGJ398+crizotinib,"f40.PHLC321.TPX.BGJ398+crizotinib.P903,f40.PHLC321.TPX.BGJ398+crizotinib.P904,f40.PHLC321.TPX.BGJ398+crizotinib.P918,f40.PHLC321.TPX.BGJ398+crizotinib.P920,f40.PHLC321.TPX.BGJ398+crizotinib.P923,f40.PHLC321.TPX.BGJ398+crizotinib.P924","f40.PHLC321.TPX.control.P908,f40.PHLC321.TPX.control.P911,f40.PHLC321.TPX.control.P913,f40.PHLC321.TPX.control.P915,f40.PHLC321.TPX.control.P917,f40.PHLC321.TPX.control.P922"
f40.PHLC321.TPX.crizotinib,"f40.PHLC321.TPX.crizotinib.P902,f40.PHLC321.TPX.crizotinib.P905,f40.PHLC321.TPX.crizotinib.P906,f40.PHLC321.TPX.crizotinib.P910,f40.PHLC321.TPX.crizotinib.P914,f40.PHLC321.TPX.crizotinib.P925","f40.PHLC321.TPX.control.P908,f40.PHLC321.TPX.control.P911,f40.PHLC321.TPX.control.P913,f40.PHLC321.TPX.control.P915,f40.PHLC321.TPX.control.P917,f40.PHLC321.TPX.control.P922"
f41.PHLC321.TPX.AZD4547,"f41.PHLC321.TPX.AZD4547.P1001,f41.PHLC321.TPX.AZD4547.P1006,f41.PHLC321.TPX.AZD4547.P1007,f41.PHLC321.TPX.AZD4547.P1008,f41.PHLC321.TPX.AZD4547.P1010,f41.PHLC321.TPX.AZD4547.P1011","f41.PHLC321.TPX.control.P1002,f41.PHLC321.TPX.control.P1003,f41.PHLC321.TPX.control.P1004,f41.PHLC321.TPX.control.P1005,f41.PHLC321.TPX.control.P1009,f41.PHLC321.TPX.control.P1012"
f42.PHLCH1581.TPX.BGJ398,"f42.PHLCH1581.TPX.BGJ398.P10,f42.PHLCH1581.TPX.BGJ398.P12,f42.PHLCH1581.TPX.BGJ398.P13,f42.PHLCH1581.TPX.BGJ398.P18,f42.PHLCH1581.TPX.BGJ398.P20,f42.PHLCH1581.TPX.BGJ398.P9","f42.PHLCH1581.TPX.control.P16,f42.PHLCH1581.TPX.control.P17,f42.PHLCH1581.TPX.control.P25,f42.PHLCH1581.TPX.control.P4,f42.PHLCH1581.TPX.control.P5,f42.PHLCH1581.TPX.control.P7"
f43.PHLCH1581.TPX.BGJ398,"f43.PHLCH1581.TPX.BGJ398.P17,f43.PHLCH1581.TPX.BGJ398.P21,f43.PHLCH1581.TPX.BGJ398.P36,f43.PHLCH1581.TPX.BGJ398.P37,f43.PHLCH1581.TPX.BGJ398.P38,f43.PHLCH1581.TPX.BGJ398.P5","f43.PHLCH1581.TPX.control.P19,f43.PHLCH1581.TPX.control.P20,f43.PHLCH1581.TPX.control.P23,f43.PHLCH1581.TPX.control.P24,f43.PHLCH1581.TPX.control.P33,f43.PHLCH1581.TPX.control.P44"
f43.PHLCH1581.TPX.BGJ398+crizotinib,"f43.PHLCH1581.TPX.BGJ398+crizotinib.P1,f43.PHLCH1581.TPX.BGJ398+crizotinib.P31,f43.PHLCH1581.TPX.BGJ398+crizotinib.P42,f43.PHLCH1581.TPX.BGJ398+crizotinib.P45,f43.PHLCH1581.TPX.BGJ398+crizotinib.P6,f43.PHLCH1581.TPX.BGJ398+crizotinib.P8","f43.PHLCH1581.TPX.control.P19,f43.PHLCH1581.TPX.control.P20,f43.PHLCH1581.TPX.control.P23,f43.PHLCH1581.TPX.control.P24,f43.PHLCH1581.TPX.control.P33,f43.PHLCH1581.TPX.control.P44"
f43.PHLCH1581.TPX.crizotinib,"f43.PHLCH1581.TPX.crizotinib.P12,f43.PHLCH1581.TPX.crizotinib.P14,f43.PHLCH1581.TPX.crizotinib.P26,f43.PHLCH1581.TPX.crizotinib.P34,f43.PHLCH1581.TPX.crizotinib.P4,f43.PHLCH1581.TPX.crizotinib.P41","f43.PHLCH1581.TPX.control.P19,f43.PHLCH1581.TPX.control.P20,f43.PHLCH1581.TPX.control.P23,f43.PHLCH1581.TPX.control.P24,f43.PHLCH1581.TPX.control.P33,f43.PHLCH1581.TPX.control.P44"
f44.PHLCH1581.TPX.AZD4547,"f44.PHLCH1581.TPX.AZD4547.P20,f44.PHLCH1581.TPX.AZD4547.P23,f44.PHLCH1581.TPX.AZD4547.P24,f44.PHLCH1581.TPX.AZD4547.P27,f44.PHLCH1581.TPX.AZD4547.P34,f44.PHLCH1581.TPX.AZD4547.P7","f44.PHLCH1581.TPX.control.P1,f44.PHLCH1581.TPX.control.P10,f44.PHLCH1581.TPX.control.P14,f44.PHLCH1581.TPX.control.P19,f44.PHLCH1581.TPX.control.P25,f44.PHLCH1581.TPX.control.P3"
f44.PHLCH1581.TPX.BGJ398,"f44.PHLCH1581.TPX.BGJ398.P11,f44.PHLCH1581.TPX.BGJ398.P15,f44.PHLCH1581.TPX.BGJ398.P30,f44.PHLCH1581.TPX.BGJ398.P35,f44.PHLCH1581.TPX.BGJ398.P36,f44.PHLCH1581.TPX.BGJ398.P6","f44.PHLCH1581.TPX.control.P1,f44.PHLCH1581.TPX.control.P10,f44.PHLCH1581.TPX.control.P14,f44.PHLCH1581.TPX.control.P19,f44.PHLCH1581.TPX.control.P25,f44.PHLCH1581.TPX.control.P3"
f45.PHLC110.TPX.cisplatin+vinorelbine,"f45.PHLC110.TPX.cisplatin+vinorelbine.P502,f45.PHLC110.TPX.cisplatin+vinorelbine.P503,f45.PHLC110.TPX.cisplatin+vinorelbine.P505,f45.PHLC110.TPX.cisplatin+vinorelbine.P509,f45.PHLC110.TPX.cisplatin+vinorelbine.P510,f45.PHLC110.TPX.cisplatin+vinorelbine.P512","f45.PHLC110.TPX.control.P501,f45.PHLC110.TPX.control.P504,f45.PHLC110.TPX.control.P506,f45.PHLC110.TPX.control.P507,f45.PHLC110.TPX.control.P508,f45.PHLC110.TPX.control.P511"
f46.PHLC111.TPX.cisplatin+vinorelbine,"f46.PHLC111.TPX.cisplatin+vinorelbine.P702,f46.PHLC111.TPX.cisplatin+vinorelbine.P704,f46.PHLC111.TPX.cisplatin+vinorelbine.P705,f46.PHLC111.TPX.cisplatin+vinorelbine.P707,f46.PHLC111.TPX.cisplatin+vinorelbine.P710,f46.PHLC111.TPX.cisplatin+vinorelbine.P713","f46.PHLC111.TPX.control.P701,f46.PHLC111.TPX.control.P703,f46.PHLC111.TPX.control.P706,f46.PHLC111.TPX.control.P708,f46.PHLC111.TPX.control.P709,f46.PHLC111.TPX.control.P712"
f47.PHLC119.TPX.cisplatin+vinorelbine,"f47.PHLC119.TPX.cisplatin+vinorelbine.P501,f47.PHLC119.TPX.cisplatin+vinorelbine.P502,f47.PHLC119.TPX.cisplatin+vinorelbine.P506,f47.PHLC119.TPX.cisplatin+vinorelbine.P508,f47.PHLC119.TPX.cisplatin+vinorelbine.P509,f47.PHLC119.TPX.cisplatin+vinorelbine.P510","f47.PHLC119.TPX.control.P503,f47.PHLC119.TPX.control.P504,f47.PHLC119.TPX.control.P505,f47.PHLC119.TPX.control.P507,f47.PHLC119.TPX.control.P511,f47.PHLC119.TPX.control.P512"
f49.PHLC153.TPX.cisplatin+vinorelbine,"f49.PHLC153.TPX.cisplatin+vinorelbine.P602,f49.PHLC153.TPX.cisplatin+vinorelbine.P603,f49.PHLC153.TPX.cisplatin+vinorelbine.P606,f49.PHLC153.TPX.cisplatin+vinorelbine.P609,f49.PHLC153.TPX.cisplatin+vinorelbine.P611,f49.PHLC153.TPX.cisplatin+vinorelbine.P612","f49.PHLC153.TPX.control.P601,f49.PHLC153.TPX.control.P604,f49.PHLC153.TPX.control.P605,f49.PHLC153.TPX.control.P607,f49.PHLC153.TPX.control.P608,f49.PHLC153.TPX.control.P610"
f50.PHLC181.TPX.cisplatin+vinorelbine,"f50.PHLC181.TPX.cisplatin+vinorelbine.P601,f50.PHLC181.TPX.cisplatin+vinorelbine.P604,f50.PHLC181.TPX.cisplatin+vinorelbine.P605,f50.PHLC181.TPX.cisplatin+vinorelbine.P606,f50.PHLC181.TPX.cisplatin+vinorelbine.P608,f50.PHLC181.TPX.cisplatin+vinorelbine.P610","f50.PHLC181.TPX.control.P602,f50.PHLC181.TPX.control.P603,f50.PHLC181.TPX.control.P607,f50.PHLC181.TPX.control.P609,f50.PHLC181.TPX.control.P611,f50.PHLC181.TPX.control.P612"
f51.PHLC181.TPX.cisplatin+vinorelbine,"f51.PHLC181.TPX.cisplatin+vinorelbine.P703,f51.PHLC181.TPX.cisplatin+vinorelbine.P704,f51.PHLC181.TPX.cisplatin+vinorelbine.P706,f51.PHLC181.TPX.cisplatin+vinorelbine.P708,f51.PHLC181.TPX.cisplatin+vinorelbine.P711,f51.PHLC181.TPX.cisplatin+vinorelbine.P712","f51.PHLC181.TPX.control.P701,f51.PHLC181.TPX.control.P702,f51.PHLC181.TPX.control.P705,f51.PHLC181.TPX.control.P707,f51.PHLC181.TPX.control.P709,f51.PHLC181.TPX.control.P710"
f52.PHLC189.TPX.cisplatin+vinorelbine,"f52.PHLC189.TPX.cisplatin+vinorelbine.P502,f52.PHLC189.TPX.cisplatin+vinorelbine.P504,f52.PHLC189.TPX.cisplatin+vinorelbine.P506,f52.PHLC189.TPX.cisplatin+vinorelbine.P507,f52.PHLC189.TPX.cisplatin+vinorelbine.P509,f52.PHLC189.TPX.cisplatin+vinorelbine.P510,f52.PHLC189.TPX.cisplatin+vinorelbine.P514,f52.PHLC189.TPX.cisplatin+vinorelbine.P515","f52.PHLC189.TPX.control.P501,f52.PHLC189.TPX.control.P503,f52.PHLC189.TPX.control.P505,f52.PHLC189.TPX.control.P508,f52.PHLC189.TPX.control.P511,f52.PHLC189.TPX.control.P512,f52.PHLC189.TPX.control.P513"
f53.PHLC191.TPX.cisplatin+vinorelbine,"f53.PHLC191.TPX.cisplatin+vinorelbine.P702,f53.PHLC191.TPX.cisplatin+vinorelbine.P703,f53.PHLC191.TPX.cisplatin+vinorelbine.P705,f53.PHLC191.TPX.cisplatin+vinorelbine.P706,f53.PHLC191.TPX.cisplatin+vinorelbine.P709,f53.PHLC191.TPX.cisplatin+vinorelbine.P710,f53.PHLC191.TPX.cisplatin+vinorelbine.P711","f53.PHLC191.TPX.control.P701,f53.PHLC191.TPX.control.P704,f53.PHLC191.TPX.control.P707,f53.PHLC191.TPX.control.P708,f53.PHLC191.TPX.control.P712,f53.PHLC191.TPX.control.P713,f53.PHLC191.TPX.control.P714"
f54.PHLC119.TPX.cisplatin+vinorelbine,"f54.PHLC119.TPX.cisplatin+vinorelbine.P503,f54.PHLC119.TPX.cisplatin+vinorelbine.P504,f54.PHLC119.TPX.cisplatin+vinorelbine.P505,f54.PHLC119.TPX.cisplatin+vinorelbine.P506,f54.PHLC119.TPX.cisplatin+vinorelbine.P510,f54.PHLC119.TPX.cisplatin+vinorelbine.P512","f54.PHLC119.TPX.control.P501,f54.PHLC119.TPX.control.P502,f54.PHLC119.TPX.control.P507,f54.PHLC119.TPX.control.P508,f54.PHLC119.TPX.control.P509,f54.PHLC119.TPX.control.P511"
f55.PHLC196.TPX.cisplatin+vinorelbine,"f55.PHLC196.TPX.cisplatin+vinorelbine.P502,f55.PHLC196.TPX.cisplatin+vinorelbine.P503,f55.PHLC196.TPX.cisplatin+vinorelbine.P505,f55.PHLC196.TPX.cisplatin+vinorelbine.P508,f55.PHLC196.TPX.cisplatin+vinorelbine.P509,f55.PHLC196.TPX.cisplatin+vinorelbine.P512","f55.PHLC196.TPX.control.P501,f55.PHLC196.TPX.control.P504,f55.PHLC196.TPX.control.P506,f55.PHLC196.TPX.control.P507,f55.PHLC196.TPX.control.P510,f55.PHLC196.TPX.control.P511"
f56.PHLC215.TPX.cisplatin+vinorelbine,"f56.PHLC215.TPX.cisplatin+vinorelbine.P501,f56.PHLC215.TPX.cisplatin+vinorelbine.P504,f56.PHLC215.TPX.cisplatin+vinorelbine.P505,f56.PHLC215.TPX.cisplatin+vinorelbine.P506,f56.PHLC215.TPX.cisplatin+vinorelbine.P509,f56.PHLC215.TPX.cisplatin+vinorelbine.P510","f56.PHLC215.TPX.control.P502,f56.PHLC215.TPX.control.P503,f56.PHLC215.TPX.control.P507,f56.PHLC215.TPX.control.P508,f56.PHLC215.TPX.control.P511,f56.PHLC215.TPX.control.P512"
f57.PHLC229.TPX.cisplatin+vinorelbine,"f57.PHLC229.TPX.cisplatin+vinorelbine.P602,f57.PHLC229.TPX.cisplatin+vinorelbine.P603,f57.PHLC229.TPX.cisplatin+vinorelbine.P605,f57.PHLC229.TPX.cisplatin+vinorelbine.P606,f57.PHLC229.TPX.cisplatin+vinorelbine.P610,f57.PHLC229.TPX.cisplatin+vinorelbine.P612,f57.PHLC229.TPX.cisplatin+vinorelbine.P613","f57.PHLC229.TPX.control.P601,f57.PHLC229.TPX.control.P604,f57.PHLC229.TPX.control.P607,f57.PHLC229.TPX.control.P608,f57.PHLC229.TPX.control.P609,f57.PHLC229.TPX.control.P611,f57.PHLC229.TPX.control.P614"
f58.PHLC235.TPX.cisplatin+vinorelbine,"f58.PHLC235.TPX.cisplatin+vinorelbine.P405,f58.PHLC235.TPX.cisplatin+vinorelbine.P407,f58.PHLC235.TPX.cisplatin+vinorelbine.P408,f58.PHLC235.TPX.cisplatin+vinorelbine.P409,f58.PHLC235.TPX.cisplatin+vinorelbine.P410,f58.PHLC235.TPX.cisplatin+vinorelbine.P413","f58.PHLC235.TPX.control.P401,f58.PHLC235.TPX.control.P402,f58.PHLC235.TPX.control.P403,f58.PHLC235.TPX.control.P406,f58.PHLC235.TPX.control.P411,f58.PHLC235.TPX.control.P412"
f59.PHLC235.TPX.docetaxel,"f59.PHLC235.TPX.docetaxel.P601,f59.PHLC235.TPX.docetaxel.P620,f59.PHLC235.TPX.docetaxel.P625,f59.PHLC235.TPX.docetaxel.P626,f59.PHLC235.TPX.docetaxel.P629,f59.PHLC235.TPX.docetaxel.P630","f59.PHLC235.TPX.control.P605,f59.PHLC235.TPX.control.P609,f59.PHLC235.TPX.control.P610,f59.PHLC235.TPX.control.P615,f59.PHLC235.TPX.control.P619,f59.PHLC235.TPX.control.P621"
f59.PHLC235.TPX.docetaxel+sleumetinib,"f59.PHLC235.TPX.docetaxel+sleumetinib.P603,f59.PHLC235.TPX.docetaxel+sleumetinib.P607,f59.PHLC235.TPX.docetaxel+sleumetinib.P611,f59.PHLC235.TPX.docetaxel+sleumetinib.P616,f59.PHLC235.TPX.docetaxel+sleumetinib.P617,f59.PHLC235.TPX.docetaxel+sleumetinib.P618,f59.PHLC235.TPX.docetaxel+sleumetinib.P622,f59.PHLC235.TPX.docetaxel+sleumetinib.P627,f59.PHLC235.TPX.docetaxel+sleumetinib.P628,f59.PHLC235.TPX.docetaxel+sleumetinib.P631,f59.PHLC235.TPX.docetaxel+sleumetinib.P632,f59.PHLC235.TPX.docetaxel+sleumetinib.P633","f59.PHLC235.TPX.control.P605,f59.PHLC235.TPX.control.P609,f59.PHLC235.TPX.control.P610,f59.PHLC235.TPX.control.P615,f59.PHLC235.TPX.control.P619,f59.PHLC235.TPX.control.P621"
f59.PHLC235.TPX.sleumetinib,"f59.PHLC235.TPX.sleumetinib.P604,f59.PHLC235.TPX.sleumetinib.P608,f59.PHLC235.TPX.sleumetinib.P612,f59.PHLC235.TPX.sleumetinib.P613,f59.PHLC235.TPX.sleumetinib.P614,f59.PHLC235.TPX.sleumetinib.P623","f59.PHLC235.TPX.control.P605,f59.PHLC235.TPX.control.P609,f59.PHLC235.TPX.control.P610,f59.PHLC235.TPX.control.P615,f59.PHLC235.TPX.control.P619,f59.PHLC235.TPX.control.P621"
f60.PHLC235.TPX.cisplatin+vinorelbine,"f60.PHLC235.TPX.cisplatin+vinorelbine.P601,f60.PHLC235.TPX.cisplatin+vinorelbine.P602,f60.PHLC235.TPX.cisplatin+vinorelbine.P603,f60.PHLC235.TPX.cisplatin+vinorelbine.P604,f60.PHLC235.TPX.cisplatin+vinorelbine.P609,f60.PHLC235.TPX.cisplatin+vinorelbine.P613,f60.PHLC235.TPX.cisplatin+vinorelbine.P614","f60.PHLC235.TPX.control.P605,f60.PHLC235.TPX.control.P606,f60.PHLC235.TPX.control.P607,f60.PHLC235.TPX.control.P608,f60.PHLC235.TPX.control.P610,f60.PHLC235.TPX.control.P611,f60.PHLC235.TPX.control.P612"
f61.PHLC235.TPX.docetaxel,"f61.PHLC235.TPX.docetaxel.P701,f61.PHLC235.TPX.docetaxel.P706,f61.PHLC235.TPX.docetaxel.P712,f61.PHLC235.TPX.docetaxel.P714,f61.PHLC235.TPX.docetaxel.P715,f61.PHLC235.TPX.docetaxel.P720","f61.PHLC235.TPX.control.P702,f61.PHLC235.TPX.control.P716,f61.PHLC235.TPX.control.P721,f61.PHLC235.TPX.control.P724,f61.PHLC235.TPX.control.P726"
f61.PHLC235.TPX.docetaxel+sleumetinib,"f61.PHLC235.TPX.docetaxel+sleumetinib.P703,f61.PHLC235.TPX.docetaxel+sleumetinib.P704,f61.PHLC235.TPX.docetaxel+sleumetinib.P708,f61.PHLC235.TPX.docetaxel+sleumetinib.P709,f61.PHLC235.TPX.docetaxel+sleumetinib.P717,f61.PHLC235.TPX.docetaxel+sleumetinib.P718,f61.PHLC235.TPX.docetaxel+sleumetinib.P722,f61.PHLC235.TPX.docetaxel+sleumetinib.P723,f61.PHLC235.TPX.docetaxel+sleumetinib.P725,f61.PHLC235.TPX.docetaxel+sleumetinib.P727,f61.PHLC235.TPX.docetaxel+sleumetinib.P728,f61.PHLC235.TPX.docetaxel+sleumetinib.P730","f61.PHLC235.TPX.control.P702,f61.PHLC235.TPX.control.P716,f61.PHLC235.TPX.control.P721,f61.PHLC235.TPX.control.P724,f61.PHLC235.TPX.control.P726"
f61.PHLC235.TPX.sleumetinib,"f61.PHLC235.TPX.sleumetinib.P705,f61.PHLC235.TPX.sleumetinib.P707,f61.PHLC235.TPX.sleumetinib.P711,f61.PHLC235.TPX.sleumetinib.P713,f61.PHLC235.TPX.sleumetinib.P719,f61.PHLC235.TPX.sleumetinib.P729","f61.PHLC235.TPX.control.P702,f61.PHLC235.TPX.control.P716,f61.PHLC235.TPX.control.P721,f61.PHLC235.TPX.control.P724,f61.PHLC235.TPX.control.P726"
f62.PHLC655.TPX.cisplatin+vinorelbine,"f62.PHLC655.TPX.cisplatin+vinorelbine.P703,f62.PHLC655.TPX.cisplatin+vinorelbine.P705,f62.PHLC655.TPX.cisplatin+vinorelbine.P708,f62.PHLC655.TPX.cisplatin+vinorelbine.P709,f62.PHLC655.TPX.cisplatin+vinorelbine.P710,f62.PHLC655.TPX.cisplatin+vinorelbine.P712","f62.PHLC655.TPX.control.P701,f62.PHLC655.TPX.control.P702,f62.PHLC655.TPX.control.P704,f62.PHLC655.TPX.control.P706,f62.PHLC655.TPX.control.P707,f62.PHLC655.TPX.control.P711"
f63.PHLC82.TPX.cisplatin+vinorelbine,"f63.PHLC82.TPX.cisplatin+vinorelbine.P501,f63.PHLC82.TPX.cisplatin+vinorelbine.P502,f63.PHLC82.TPX.cisplatin+vinorelbine.P503,f63.PHLC82.TPX.cisplatin+vinorelbine.P505,f63.PHLC82.TPX.cisplatin+vinorelbine.P507,f63.PHLC82.TPX.cisplatin+vinorelbine.P510","f63.PHLC82.TPX.control.P504,f63.PHLC82.TPX.control.P506,f63.PHLC82.TPX.control.P508,f63.PHLC82.TPX.control.P509,f63.PHLC82.TPX.control.P511"
f65.PHLC12.TPX.gefitinib,"f65.PHLC12.TPX.gefitinib.P701,f65.PHLC12.TPX.gefitinib.P705,f65.PHLC12.TPX.gefitinib.P707,f65.PHLC12.TPX.gefitinib.P709,f65.PHLC12.TPX.gefitinib.P711","f65.PHLC12.TPX.control.P702,f65.PHLC12.TPX.control.P703,f65.PHLC12.TPX.control.P704,f65.PHLC12.TPX.control.P706,f65.PHLC12.TPX.control.P708,f65.PHLC12.TPX.control.P710,f65.PHLC12.TPX.control.P712"
f67.PHLC186.TPX.BKM120,"f67.PHLC186.TPX.BKM120.P701,f67.PHLC186.TPX.BKM120.P702,f67.PHLC186.TPX.BKM120.P705,f67.PHLC186.TPX.BKM120.P711,f67.PHLC186.TPX.BKM120.P717,f67.PHLC186.TPX.BKM120.P718","f67.PHLC186.TPX.control.P704,f67.PHLC186.TPX.control.P706,f67.PHLC186.TPX.control.P707,f67.PHLC186.TPX.control.P708,f67.PHLC186.TPX.control.P713"
f67.PHLC186.TPX.dacomitinib,"f67.PHLC186.TPX.dacomitinib.P709,f67.PHLC186.TPX.dacomitinib.P710,f67.PHLC186.TPX.dacomitinib.P712,f67.PHLC186.TPX.dacomitinib.P714,f67.PHLC186.TPX.dacomitinib.P715,f67.PHLC186.TPX.dacomitinib.P716","f67.PHLC186.TPX.control.P704,f67.PHLC186.TPX.control.P706,f67.PHLC186.TPX.control.P707,f67.PHLC186.TPX.control.P708,f67.PHLC186.TPX.control.P713"
f67.PHLC186.TPX.erlotinib,f67.PHLC186.TPX.erlotinib.P703,"f67.PHLC186.TPX.control.P704,f67.PHLC186.TPX.control.P706,f67.PHLC186.TPX.control.P707,f67.PHLC186.TPX.control.P708,f67.PHLC186.TPX.control.P713"
f68.PHLC12.TPX.erlotinib,"f68.PHLC12.TPX.erlotinib.P801,f68.PHLC12.TPX.erlotinib.P803,f68.PHLC12.TPX.erlotinib.P804,f68.PHLC12.TPX.erlotinib.P805,f68.PHLC12.TPX.erlotinib.P807","f68.PHLC12.TPX.control.P802,f68.PHLC12.TPX.control.P806,f68.PHLC12.TPX.control.P808"
f69.PHLC12.TPX.BKM120,"f69.PHLC12.TPX.BKM120.P601,f69.PHLC12.TPX.BKM120.P607,f69.PHLC12.TPX.BKM120.P608,f69.PHLC12.TPX.BKM120.P613,f69.PHLC12.TPX.BKM120.P614,f69.PHLC12.TPX.BKM120.P618","f69.PHLC12.TPX.control.P602,f69.PHLC12.TPX.control.P603,f69.PHLC12.TPX.control.P605,f69.PHLC12.TPX.control.P609,f69.PHLC12.TPX.control.P610,f69.PHLC12.TPX.control.P612,f69.PHLC12.TPX.control.P616"
f69.PHLC12.TPX.erlotinib,"f69.PHLC12.TPX.erlotinib.P604,f69.PHLC12.TPX.erlotinib.P606,f69.PHLC12.TPX.erlotinib.P611,f69.PHLC12.TPX.erlotinib.P615,f69.PHLC12.TPX.erlotinib.P617","f69.PHLC12.TPX.control.P602,f69.PHLC12.TPX.control.P603,f69.PHLC12.TPX.control.P605,f69.PHLC12.TPX.control.P609,f69.PHLC12.TPX.control.P610,f69.PHLC12.TPX.control.P612,f69.PHLC12.TPX.control.P616"
f70.PHLC12.TPX.RG7388,"f70.PHLC12.TPX.RG7388.P54,f70.PHLC12.TPX.RG7388.P55,f70.PHLC12.TPX.RG7388.P56,f70.PHLC12.TPX.RG7388.P57,f70.PHLC12.TPX.RG7388.P58,f70.PHLC12.TPX.RG7388.P59,f70.PHLC12.TPX.RG7388.P60","f70.PHLC12.TPX.control.P47,f70.PHLC12.TPX.control.P48,f70.PHLC12.TPX.control.P49,f70.PHLC12.TPX.control.P50,f70.PHLC12.TPX.control.P51,f70.PHLC12.TPX.control.P52,f70.PHLC12.TPX.control.P53"
f70.PHLC12.TPX.RG7388-50,"f70.PHLC12.TPX.RG7388-50.P61,f70.PHLC12.TPX.RG7388-50.P62,f70.PHLC12.TPX.RG7388-50.P63,f70.PHLC12.TPX.RG7388-50.P64,f70.PHLC12.TPX.RG7388-50.P65,f70.PHLC12.TPX.RG7388-50.P66","f70.PHLC12.TPX.control.P47,f70.PHLC12.TPX.control.P48,f70.PHLC12.TPX.control.P49,f70.PHLC12.TPX.control.P50,f70.PHLC12.TPX.control.P51,f70.PHLC12.TPX.control.P52,f70.PHLC12.TPX.control.P53"
f71.PHLC77.TPX.erlotinib,"f71.PHLC77.TPX.erlotinib.P1201,f71.PHLC77.TPX.erlotinib.P1203,f71.PHLC77.TPX.erlotinib.P1206,f71.PHLC77.TPX.erlotinib.P1207,f71.PHLC77.TPX.erlotinib.P1208,f71.PHLC77.TPX.erlotinib.P1209","f71.PHLC77.TPX.control.P1202,f71.PHLC77.TPX.control.P1205,f71.PHLC77.TPX.control.P1210,f71.PHLC77.TPX.control.P1212,f71.PHLC77.TPX.control.P1213,f71.PHLC77.TPX.control.P1214"
f72.PHLC77.TPX.erlotinib,"f72.PHLC77.TPX.erlotinib.P1101,f72.PHLC77.TPX.erlotinib.P1102,f72.PHLC77.TPX.erlotinib.P1103,f72.PHLC77.TPX.erlotinib.P1104,f72.PHLC77.TPX.erlotinib.P1105,f72.PHLC77.TPX.erlotinib.P1106,f72.PHLC77.TPX.erlotinib.P1107,f72.PHLC77.TPX.erlotinib.P1108,f72.PHLC77.TPX.erlotinib.P1109,f72.PHLC77.TPX.erlotinib.P1110,f72.PHLC77.TPX.erlotinib.P1111,f72.PHLC77.TPX.erlotinib.P1112,f72.PHLC77.TPX.erlotinib.P1113",
f73.PHLC77.TPX.cetuximab,"f73.PHLC77.TPX.cetuximab.P701,f73.PHLC77.TPX.cetuximab.P710,f73.PHLC77.TPX.cetuximab.P712,f73.PHLC77.TPX.cetuximab.P714,f73.PHLC77.TPX.cetuximab.P715,f73.PHLC77.TPX.cetuximab.P718,f73.PHLC77.TPX.cetuximab.P719","f73.PHLC77.TPX.control.P705,f73.PHLC77.TPX.control.P706,f73.PHLC77.TPX.control.P707,f73.PHLC77.TPX.control.P708,f73.PHLC77.TPX.control.P709,f73.PHLC77.TPX.control.P717"
f73.PHLC77.TPX.erlotinib,"f73.PHLC77.TPX.erlotinib.P702,f73.PHLC77.TPX.erlotinib.P703,f73.PHLC77.TPX.erlotinib.P704,f73.PHLC77.TPX.erlotinib.P711,f73.PHLC77.TPX.erlotinib.P713,f73.PHLC77.TPX.erlotinib.P716,f73.PHLC77.TPX.erlotinib.P720","f73.PHLC77.TPX.control.P705,f73.PHLC77.TPX.control.P706,f73.PHLC77.TPX.control.P707,f73.PHLC77.TPX.control.P708,f73.PHLC77.TPX.control.P709,f73.PHLC77.TPX.control.P717"
f74.PHLC77.TPX.afatinib,"f74.PHLC77.TPX.afatinib.P801,f74.PHLC77.TPX.afatinib.P807,f74.PHLC77.TPX.afatinib.P816,f74.PHLC77.TPX.afatinib.P817,f74.PHLC77.TPX.afatinib.P824,f74.PHLC77.TPX.afatinib.P825","f74.PHLC77.TPX.control.P802,f74.PHLC77.TPX.control.P804,f74.PHLC77.TPX.control.P805,f74.PHLC77.TPX.control.P811,f74.PHLC77.TPX.control.P822,f74.PHLC77.TPX.control.P823"
f74.PHLC77.TPX.cisplatin+vinorelbine,"f74.PHLC77.TPX.cisplatin+vinorelbine.P806,f74.PHLC77.TPX.cisplatin+vinorelbine.P808,f74.PHLC77.TPX.cisplatin+vinorelbine.P812,f74.PHLC77.TPX.cisplatin+vinorelbine.P818,f74.PHLC77.TPX.cisplatin+vinorelbine.P819,f74.PHLC77.TPX.cisplatin+vinorelbine.P820","f74.PHLC77.TPX.control.P802,f74.PHLC77.TPX.control.P804,f74.PHLC77.TPX.control.P805,f74.PHLC77.TPX.control.P811,f74.PHLC77.TPX.control.P822,f74.PHLC77.TPX.control.P823"
f74.PHLC77.TPX.dacomitinib,"f74.PHLC77.TPX.dacomitinib.P803,f74.PHLC77.TPX.dacomitinib.P810,f74.PHLC77.TPX.dacomitinib.P813,f74.PHLC77.TPX.dacomitinib.P814,f74.PHLC77.TPX.dacomitinib.P815,f74.PHLC77.TPX.dacomitinib.P821","f74.PHLC77.TPX.control.P802,f74.PHLC77.TPX.control.P804,f74.PHLC77.TPX.control.P805,f74.PHLC77.TPX.control.P811,f74.PHLC77.TPX.control.P822,f74.PHLC77.TPX.control.P823"
f75.PHLC77.TPX.afatinib,"f75.PHLC77.TPX.afatinib.P901,f75.PHLC77.TPX.afatinib.P902,f75.PHLC77.TPX.afatinib.P903,f75.PHLC77.TPX.afatinib.P904,f75.PHLC77.TPX.afatinib.P905",
f76.PHLC77.TPX.afatinib,"f76.PHLC77.TPX.afatinib.P1001,f76.PHLC77.TPX.afatinib.P1002",
f77.PHLC132.TPX.cisplatin,"f77.PHLC132.TPX.cisplatin.P406,f77.PHLC132.TPX.cisplatin.P408,f77.PHLC132.TPX.cisplatin.P409,f77.PHLC132.TPX.cisplatin.P416,f77.PHLC132.TPX.cisplatin.P426,f77.PHLC132.TPX.cisplatin.P427,f77.PHLC132.TPX.cisplatin.P433,f77.PHLC132.TPX.cisplatin.P434,f77.PHLC132.TPX.cisplatin.P435,f77.PHLC132.TPX.cisplatin.P436","f77.PHLC132.TPX.control.P402,f77.PHLC132.TPX.control.P411,f77.PHLC132.TPX.control.P412,f77.PHLC132.TPX.control.P413,f77.PHLC132.TPX.control.P432,f77.PHLC132.TPX.control.P437,f77.PHLC132.TPX.control.P438,f77.PHLC132.TPX.control.P439"
f77.PHLC132.TPX.pemetrexed,"f77.PHLC132.TPX.pemetrexed.P404,f77.PHLC132.TPX.pemetrexed.P414,f77.PHLC132.TPX.pemetrexed.P422","f77.PHLC132.TPX.control.P402,f77.PHLC132.TPX.control.P411,f77.PHLC132.TPX.control.P412,f77.PHLC132.TPX.control.P413,f77.PHLC132.TPX.control.P432,f77.PHLC132.TPX.control.P437,f77.PHLC132.TPX.control.P438,f77.PHLC132.TPX.control.P439"
f77.PHLC132.TPX.vinorelbine,"f77.PHLC132.TPX.vinorelbine.P402,f77.PHLC132.TPX.vinorelbine.P419,f77.PHLC132.TPX.vinorelbine.P420,f77.PHLC132.TPX.vinorelbine.P421,f77.PHLC132.TPX.vinorelbine.P423,f77.PHLC132.TPX.vinorelbine.P424,f77.PHLC132.TPX.vinorelbine.P429,f77.PHLC132.TPX.vinorelbine.P430,f77.PHLC132.TPX.vinorelbine.P431","f77.PHLC132.TPX.control.P402,f77.PHLC132.TPX.control.P411,f77.PHLC132.TPX.control.P412,f77.PHLC132.TPX.control.P413,f77.PHLC132.TPX.control.P432,f77.PHLC132.TPX.control.P437,f77.PHLC132.TPX.control.P438,f77.PHLC132.TPX.control.P439"
f78.PHLC140.TPX.BKM120,"f78.PHLC140.TPX.BKM120.P501,f78.PHLC140.TPX.BKM120.P502,f78.PHLC140.TPX.BKM120.P505,f78.PHLC140.TPX.BKM120.P506,f78.PHLC140.TPX.BKM120.P511,f78.PHLC140.TPX.BKM120.P512","f78.PHLC140.TPX.control.P503,f78.PHLC140.TPX.control.P504,f78.PHLC140.TPX.control.P507,f78.PHLC140.TPX.control.P508,f78.PHLC140.TPX.control.P509,f78.PHLC140.TPX.control.P510"
f79.PHLC142.TPX.cisplatin,"f79.PHLC142.TPX.cisplatin.P511,f79.PHLC142.TPX.cisplatin.P512,f79.PHLC142.TPX.cisplatin.P513,f79.PHLC142.TPX.cisplatin.P514,f79.PHLC142.TPX.cisplatin.P515,f79.PHLC142.TPX.cisplatin.P516,f79.PHLC142.TPX.cisplatin.P517,f79.PHLC142.TPX.cisplatin.P518,f79.PHLC142.TPX.cisplatin.P519,f79.PHLC142.TPX.cisplatin.P520","f79.PHLC142.TPX.control.P501,f79.PHLC142.TPX.control.P502,f79.PHLC142.TPX.control.P503,f79.PHLC142.TPX.control.P504,f79.PHLC142.TPX.control.P505,f79.PHLC142.TPX.control.P506,f79.PHLC142.TPX.control.P507,f79.PHLC142.TPX.control.P508,f79.PHLC142.TPX.control.P509,f79.PHLC142.TPX.control.P510"
f79.PHLC142.TPX.vinorelbine,"f79.PHLC142.TPX.vinorelbine.P521,f79.PHLC142.TPX.vinorelbine.P522,f79.PHLC142.TPX.vinorelbine.P523,f79.PHLC142.TPX.vinorelbine.P524,f79.PHLC142.TPX.vinorelbine.P525,f79.PHLC142.TPX.vinorelbine.P526,f79.PHLC142.TPX.vinorelbine.P527,f79.PHLC142.TPX.vinorelbine.P528,f79.PHLC142.TPX.vinorelbine.P529,f79.PHLC142.TPX.vinorelbine.P530","f79.PHLC142.TPX.control.P501,f79.PHLC142.TPX.control.P502,f79.PHLC142.TPX.control.P503,f79.PHLC142.TPX.control.P504,f79.PHLC142.TPX.control.P505,f79.PHLC142.TPX.control.P506,f79.PHLC142.TPX.control.P507,f79.PHLC142.TPX.control.P508,f79.PHLC142.TPX.control.P509,f79.PHLC142.TPX.control.P510"
f80.PHLC142.TPX.BKM120,"f80.PHLC142.TPX.BKM120.P601,f80.PHLC142.TPX.BKM120.P603,f80.PHLC142.TPX.BKM120.P606,f80.PHLC142.TPX.BKM120.P607,f80.PHLC142.TPX.BKM120.P610,f80.PHLC142.TPX.BKM120.P612","f80.PHLC142.TPX.control.P602,f80.PHLC142.TPX.control.P604,f80.PHLC142.TPX.control.P605,f80.PHLC142.TPX.control.P608,f80.PHLC142.TPX.control.P609,f80.PHLC142.TPX.control.P611"
f82.PHLC188.TPX.BKM120,"f82.PHLC188.TPX.BKM120.P601,f82.PHLC188.TPX.BKM120.P602,f82.PHLC188.TPX.BKM120.P603,f82.PHLC188.TPX.BKM120.P607,f82.PHLC188.TPX.BKM120.P609,f82.PHLC188.TPX.BKM120.P611","f82.PHLC188.TPX.control.P604,f82.PHLC188.TPX.control.P605,f82.PHLC188.TPX.control.P606,f82.PHLC188.TPX.control.P608,f82.PHLC188.TPX.control.P610,f82.PHLC188.TPX.control.P612"
f83.PHLC77.TPX.BKM120,"f83.PHLC77.TPX.BKM120.P702,f83.PHLC77.TPX.BKM120.P703,f83.PHLC77.TPX.BKM120.P704,f83.PHLC77.TPX.BKM120.P706,f83.PHLC77.TPX.BKM120.P707,f83.PHLC77.TPX.BKM120.P714","f83.PHLC77.TPX.control.P701,f83.PHLC77.TPX.control.P708,f83.PHLC77.TPX.control.P709,f83.PHLC77.TPX.control.P711,f83.PHLC77.TPX.control.P712,f83.PHLC77.TPX.control.P713"
f84.PHLC191.TPX.BKM120,"f84.PHLC191.TPX.BKM120.P801,f84.PHLC191.TPX.BKM120.P803,f84.PHLC191.TPX.BKM120.P806,f84.PHLC191.TPX.BKM120.P807,f84.PHLC191.TPX.BKM120.P811,f84.PHLC191.TPX.BKM120.P812","f84.PHLC191.TPX.control.P802,f84.PHLC191.TPX.control.P804,f84.PHLC191.TPX.control.P805,f84.PHLC191.TPX.control.P808,f84.PHLC191.TPX.control.P809,f84.PHLC191.TPX.control.P810"
f85.PHLC191.TPX.PF502,"f85.PHLC191.TPX.PF502.P10,f85.PHLC191.TPX.PF502.P15,f85.PHLC191.TPX.PF502.P29,f85.PHLC191.TPX.PF502.P3,f85.PHLC191.TPX.PF502.P34,f85.PHLC191.TPX.PF502.P42,f85.PHLC191.TPX.PF502.P46,f85.PHLC191.TPX.PF502.P49,f85.PHLC191.TPX.PF502.P67,f85.PHLC191.TPX.PF502.P79,f85.PHLC191.TPX.PF502.P83,f85.PHLC191.TPX.PF502.P87","f85.PHLC191.TPX.control.P14,f85.PHLC191.TPX.control.P27,f85.PHLC191.TPX.control.P35,f85.PHLC191.TPX.control.P37,f85.PHLC191.TPX.control.P39,f85.PHLC191.TPX.control.P48,f85.PHLC191.TPX.control.P54,f85.PHLC191.TPX.control.P6,f85.PHLC191.TPX.control.P71,f85.PHLC191.TPX.control.P73,f85.PHLC191.TPX.control.P78,f85.PHLC191.TPX.control.P81"
f85.PHLC191.TPX.dacomitinib,"f85.PHLC191.TPX.dacomitinib.P12,f85.PHLC191.TPX.dacomitinib.P17,f85.PHLC191.TPX.dacomitinib.P21,f85.PHLC191.TPX.dacomitinib.P38,f85.PHLC191.TPX.dacomitinib.P44,f85.PHLC191.TPX.dacomitinib.P60,f85.PHLC191.TPX.dacomitinib.P65,f85.PHLC191.TPX.dacomitinib.P74,f85.PHLC191.TPX.dacomitinib.P75,f85.PHLC191.TPX.dacomitinib.P80,f85.PHLC191.TPX.dacomitinib.P85,f85.PHLC191.TPX.dacomitinib.P88","f85.PHLC191.TPX.control.P14,f85.PHLC191.TPX.control.P27,f85.PHLC191.TPX.control.P35,f85.PHLC191.TPX.control.P37,f85.PHLC191.TPX.control.P39,f85.PHLC191.TPX.control.P48,f85.PHLC191.TPX.control.P54,f85.PHLC191.TPX.control.P6,f85.PHLC191.TPX.control.P71,f85.PHLC191.TPX.control.P73,f85.PHLC191.TPX.control.P78,f85.PHLC191.TPX.control.P81"
f85.PHLC191.TPX.dacomitinib+PF502,"f85.PHLC191.TPX.dacomitinib+PF502.P18,f85.PHLC191.TPX.dacomitinib+PF502.P19,f85.PHLC191.TPX.dacomitinib+PF502.P2,f85.PHLC191.TPX.dacomitinib+PF502.P20,f85.PHLC191.TPX.dacomitinib+PF502.P23,f85.PHLC191.TPX.dacomitinib+PF502.P41,f85.PHLC191.TPX.dacomitinib+PF502.P45,f85.PHLC191.TPX.dacomitinib+PF502.P52,f85.PHLC191.TPX.dacomitinib+PF502.P58,f85.PHLC191.TPX.dacomitinib+PF502.P68,f85.PHLC191.TPX.dacomitinib+PF502.P8,f85.PHLC191.TPX.dacomitinib+PF502.P84,f85.PHLC191.TPX.dacomitinib+PF502.P86","f85.PHLC191.TPX.control.P14,f85.PHLC191.TPX.control.P27,f85.PHLC191.TPX.control.P35,f85.PHLC191.TPX.control.P37,f85.PHLC191.TPX.control.P39,f85.PHLC191.TPX.control.P48,f85.PHLC191.TPX.control.P54,f85.PHLC191.TPX.control.P6,f85.PHLC191.TPX.control.P71,f85.PHLC191.TPX.control.P73,f85.PHLC191.TPX.control.P78,f85.PHLC191.TPX.control.P81"
f85.PHLC191.TPX.paclitaxel,"f85.PHLC191.TPX.paclitaxel.P26,f85.PHLC191.TPX.paclitaxel.P28,f85.PHLC191.TPX.paclitaxel.P32,f85.PHLC191.TPX.paclitaxel.P5,f85.PHLC191.TPX.paclitaxel.P53,f85.PHLC191.TPX.paclitaxel.P56,f85.PHLC191.TPX.paclitaxel.P59,f85.PHLC191.TPX.paclitaxel.P63,f85.PHLC191.TPX.paclitaxel.P76,f85.PHLC191.TPX.paclitaxel.P77,f85.PHLC191.TPX.paclitaxel.P82,f85.PHLC191.TPX.paclitaxel.P9","f85.PHLC191.TPX.control.P14,f85.PHLC191.TPX.control.P27,f85.PHLC191.TPX.control.P35,f85.PHLC191.TPX.control.P37,f85.PHLC191.TPX.control.P39,f85.PHLC191.TPX.control.P48,f85.PHLC191.TPX.control.P54,f85.PHLC191.TPX.control.P6,f85.PHLC191.TPX.control.P71,f85.PHLC191.TPX.control.P73,f85.PHLC191.TPX.control.P78,f85.PHLC191.TPX.control.P81"
f85.PHLC191.TPX.paclitaxel+PF502,"f85.PHLC191.TPX.paclitaxel+PF502.P16,f85.PHLC191.TPX.paclitaxel+PF502.P24,f85.PHLC191.TPX.paclitaxel+PF502.P30,f85.PHLC191.TPX.paclitaxel+PF502.P36,f85.PHLC191.TPX.paclitaxel+PF502.P4,f85.PHLC191.TPX.paclitaxel+PF502.P40,f85.PHLC191.TPX.paclitaxel+PF502.P43,f85.PHLC191.TPX.paclitaxel+PF502.P50,f85.PHLC191.TPX.paclitaxel+PF502.P55,f85.PHLC191.TPX.paclitaxel+PF502.P57,f85.PHLC191.TPX.paclitaxel+PF502.P61,f85.PHLC191.TPX.paclitaxel+PF502.P64,f85.PHLC191.TPX.paclitaxel+PF502.P7","f85.PHLC191.TPX.control.P14,f85.PHLC191.TPX.control.P27,f85.PHLC191.TPX.control.P35,f85.PHLC191.TPX.control.P37,f85.PHLC191.TPX.control.P39,f85.PHLC191.TPX.control.P48,f85.PHLC191.TPX.control.P54,f85.PHLC191.TPX.control.P6,f85.PHLC191.TPX.control.P71,f85.PHLC191.TPX.control.P73,f85.PHLC191.TPX.control.P78,f85.PHLC191.TPX.control.P81"
f86.PHLC191.TPX.PF384,"f86.PHLC191.TPX.PF384.P17,f86.PHLC191.TPX.PF384.P19,f86.PHLC191.TPX.PF384.P23,f86.PHLC191.TPX.PF384.P29,f86.PHLC191.TPX.PF384.P34,f86.PHLC191.TPX.PF384.P35,f86.PHLC191.TPX.PF384.P36,f86.PHLC191.TPX.PF384.P39,f86.PHLC191.TPX.PF384.P45,f86.PHLC191.TPX.PF384.P47,f86.PHLC191.TPX.PF384.P48,f86.PHLC191.TPX.PF384.P49,f86.PHLC191.TPX.PF384.P56,f86.PHLC191.TPX.PF384.P58","f86.PHLC191.TPX.control.P18,f86.PHLC191.TPX.control.P20,f86.PHLC191.TPX.control.P24,f86.PHLC191.TPX.control.P26,f86.PHLC191.TPX.control.P28,f86.PHLC191.TPX.control.P41,f86.PHLC191.TPX.control.P42,f86.PHLC191.TPX.control.P43,f86.PHLC191.TPX.control.P46,f86.PHLC191.TPX.control.P5,f86.PHLC191.TPX.control.P55,f86.PHLC191.TPX.control.P8"
f86.PHLC191.TPX.cisplatin,"f86.PHLC191.TPX.cisplatin.P12,f86.PHLC191.TPX.cisplatin.P13,f86.PHLC191.TPX.cisplatin.P14,f86.PHLC191.TPX.cisplatin.P16,f86.PHLC191.TPX.cisplatin.P21,f86.PHLC191.TPX.cisplatin.P31,f86.PHLC191.TPX.cisplatin.P4,f86.PHLC191.TPX.cisplatin.P40,f86.PHLC191.TPX.cisplatin.P50,f86.PHLC191.TPX.cisplatin.P52,f86.PHLC191.TPX.cisplatin.P57,f86.PHLC191.TPX.cisplatin.P60","f86.PHLC191.TPX.control.P18,f86.PHLC191.TPX.control.P20,f86.PHLC191.TPX.control.P24,f86.PHLC191.TPX.control.P26,f86.PHLC191.TPX.control.P28,f86.PHLC191.TPX.control.P41,f86.PHLC191.TPX.control.P42,f86.PHLC191.TPX.control.P43,f86.PHLC191.TPX.control.P46,f86.PHLC191.TPX.control.P5,f86.PHLC191.TPX.control.P55,f86.PHLC191.TPX.control.P8"
f86.PHLC191.TPX.cisplatin+PF384,"f86.PHLC191.TPX.cisplatin+PF384.P11,f86.PHLC191.TPX.cisplatin+PF384.P15,f86.PHLC191.TPX.cisplatin+PF384.P2,f86.PHLC191.TPX.cisplatin+PF384.P25,f86.PHLC191.TPX.cisplatin+PF384.P27,f86.PHLC191.TPX.cisplatin+PF384.P32,f86.PHLC191.TPX.cisplatin+PF384.P33,f86.PHLC191.TPX.cisplatin+PF384.P37,f86.PHLC191.TPX.cisplatin+PF384.P38,f86.PHLC191.TPX.cisplatin+PF384.P44,f86.PHLC191.TPX.cisplatin+PF384.P51,f86.PHLC191.TPX.cisplatin+PF384.P53,f86.PHLC191.TPX.cisplatin+PF384.P54,f86.PHLC191.TPX.cisplatin+PF384.P59","f86.PHLC191.TPX.control.P18,f86.PHLC191.TPX.control.P20,f86.PHLC191.TPX.control.P24,f86.PHLC191.TPX.control.P26,f86.PHLC191.TPX.control.P28,f86.PHLC191.TPX.control.P41,f86.PHLC191.TPX.control.P42,f86.PHLC191.TPX.control.P43,f86.PHLC191.TPX.control.P46,f86.PHLC191.TPX.control.P5,f86.PHLC191.TPX.control.P55,f86.PHLC191.TPX.control.P8"
f87.PHLCNOTCH 10.TPX.PF384,"f87.PHLCNOTCH 10.TPX.PF384.P2,f87.PHLCNOTCH 10.TPX.PF384.P20,f87.PHLCNOTCH 10.TPX.PF384.P30,f87.PHLCNOTCH 10.TPX.PF384.P4,f87.PHLCNOTCH 10.TPX.PF384.P44,f87.PHLCNOTCH 10.TPX.PF384.P49,f87.PHLCNOTCH 10.TPX.PF384.P56,f87.PHLCNOTCH 10.TPX.PF384.P59,f87.PHLCNOTCH 10.TPX.PF384.P61,f87.PHLCNOTCH 10.TPX.PF384.P64,f87.PHLCNOTCH 10.TPX.PF384.P67,f87.PHLCNOTCH 10.TPX.PF384.P68,f87.PHLCNOTCH 10.TPX.PF384.P71,f87.PHLCNOTCH 10.TPX.PF384.P74","f87.PHLCNOTCH 10.TPX.control.P18,f87.PHLCNOTCH 10.TPX.control.P25,f87.PHLCNOTCH 10.TPX.control.P26,f87.PHLCNOTCH 10.TPX.control.P3,f87.PHLCNOTCH 10.TPX.control.P31,f87.PHLCNOTCH 10.TPX.control.P39,f87.PHLCNOTCH 10.TPX.control.P40,f87.PHLCNOTCH 10.TPX.control.P43,f87.PHLCNOTCH 10.TPX.control.P51,f87.PHLCNOTCH 10.TPX.control.P53,f87.PHLCNOTCH 10.TPX.control.P57,f87.PHLCNOTCH 10.TPX.control.P58,f87.PHLCNOTCH 10.TPX.control.P60,f87.PHLCNOTCH 10.TPX.control.P73"
f87.PHLCNOTCH 10.TPX.cisplatin,"f87.PHLCNOTCH 10.TPX.cisplatin.P11,f87.PHLCNOTCH 10.TPX.cisplatin.P16,f87.PHLCNOTCH 10.TPX.cisplatin.P17,f87.PHLCNOTCH 10.TPX.cisplatin.P21,f87.PHLCNOTCH 10.TPX.cisplatin.P27,f87.PHLCNOTCH 10.TPX.cisplatin.P28,f87.PHLCNOTCH 10.TPX.cisplatin.P32,f87.PHLCNOTCH 10.TPX.cisplatin.P45,f87.PHLCNOTCH 10.TPX.cisplatin.P5,f87.PHLCNOTCH 10.TPX.cisplatin.P52,f87.PHLCNOTCH 10.TPX.cisplatin.P55,f87.PHLCNOTCH 10.TPX.cisplatin.P65,f87.PHLCNOTCH 10.TPX.cisplatin.P72,f87.PHLCNOTCH 10.TPX.cisplatin.P9","f87.PHLCNOTCH 10.TPX.control.P18,f87.PHLCNOTCH 10.TPX.control.P25,f87.PHLCNOTCH 10.TPX.control.P26,f87.PHLCNOTCH 10.TPX.control.P3,f87.PHLCNOTCH 10.TPX.control.P31,f87.PHLCNOTCH 10.TPX.control.P39,f87.PHLCNOTCH 10.TPX.control.P40,f87.PHLCNOTCH 10.TPX.control.P43,f87.PHLCNOTCH 10.TPX.control.P51,f87.PHLCNOTCH 10.TPX.control.P53,f87.PHLCNOTCH 10.TPX.control.P57,f87.PHLCNOTCH 10.TPX.control.P58,f87.PHLCNOTCH 10.TPX.control.P60,f87.PHLCNOTCH 10.TPX.control.P73"
f87.PHLCNOTCH 10.TPX.cisplatin+PF384,"f87.PHLCNOTCH 10.TPX.cisplatin+PF384.P1,f87.PHLCNOTCH 10.TPX.cisplatin+PF384.P13,f87.PHLCNOTCH 10.TPX.cisplatin+PF384.P14,f87.PHLCNOTCH 10.TPX.cisplatin+PF384.P19,f87.PHLCNOTCH 10.TPX.cisplatin+PF384.P24,f87.PHLCNOTCH 10.TPX.cisplatin+PF384.P34,f87.PHLCNOTCH 10.TPX.cisplatin+PF384.P35,f87.PHLCNOTCH 10.TPX.cisplatin+PF384.P38,f87.PHLCNOTCH 10.TPX.cisplatin+PF384.P41,f87.PHLCNOTCH 10.TPX.cisplatin+PF384.P42,f87.PHLCNOTCH 10.TPX.cisplatin+PF384.P46,f87.PHLCNOTCH 10.TPX.cisplatin+PF384.P50,f87.PHLCNOTCH 10.TPX.cisplatin+PF384.P6,f87.PHLCNOTCH 10.TPX.cisplatin+PF384.P63","f87.PHLCNOTCH 10.TPX.control.P18,f87.PHLCNOTCH 10.TPX.control.P25,f87.PHLCNOTCH 10.TPX.control.P26,f87.PHLCNOTCH 10.TPX.control.P3,f87.PHLCNOTCH 10.TPX.control.P31,f87.PHLCNOTCH 10.TPX.control.P39,f87.PHLCNOTCH 10.TPX.control.P40,f87.PHLCNOTCH 10.TPX.control.P43,f87.PHLCNOTCH 10.TPX.control.P51,f87.PHLCNOTCH 10.TPX.control.P53,f87.PHLCNOTCH 10.TPX.control.P57,f87.PHLCNOTCH 10.TPX.control.P58,f87.PHLCNOTCH 10.TPX.control.P60,f87.PHLCNOTCH 10.TPX.control.P73"
f88.PHLCNOTCH 10.TPX.PF384,"f88.PHLCNOTCH 10.TPX.PF384.P1,f88.PHLCNOTCH 10.TPX.PF384.P14,f88.PHLCNOTCH 10.TPX.PF384.P21,f88.PHLCNOTCH 10.TPX.PF384.P27,f88.PHLCNOTCH 10.TPX.PF384.P29,f88.PHLCNOTCH 10.TPX.PF384.P31,f88.PHLCNOTCH 10.TPX.PF384.P46,f88.PHLCNOTCH 10.TPX.PF384.P55,f88.PHLCNOTCH 10.TPX.PF384.P60,f88.PHLCNOTCH 10.TPX.PF384.P64,f88.PHLCNOTCH 10.TPX.PF384.P67,f88.PHLCNOTCH 10.TPX.PF384.P75","f88.PHLCNOTCH 10.TPX.control.P13,f88.PHLCNOTCH 10.TPX.control.P28,f88.PHLCNOTCH 10.TPX.control.P3,f88.PHLCNOTCH 10.TPX.control.P36,f88.PHLCNOTCH 10.TPX.control.P50,f88.PHLCNOTCH 10.TPX.control.P53,f88.PHLCNOTCH 10.TPX.control.P57,f88.PHLCNOTCH 10.TPX.control.P61,f88.PHLCNOTCH 10.TPX.control.P68,f88.PHLCNOTCH 10.TPX.control.P70,f88.PHLCNOTCH 10.TPX.control.P85,f88.PHLCNOTCH 10.TPX.control.P88"
f88.PHLCNOTCH 10.TPX.dacomitinib,"f88.PHLCNOTCH 10.TPX.dacomitinib.P18,f88.PHLCNOTCH 10.TPX.dacomitinib.P20,f88.PHLCNOTCH 10.TPX.dacomitinib.P25,f88.PHLCNOTCH 10.TPX.dacomitinib.P37,f88.PHLCNOTCH 10.TPX.dacomitinib.P38,f88.PHLCNOTCH 10.TPX.dacomitinib.P56,f88.PHLCNOTCH 10.TPX.dacomitinib.P62,f88.PHLCNOTCH 10.TPX.dacomitinib.P63,f88.PHLCNOTCH 10.TPX.dacomitinib.P71,f88.PHLCNOTCH 10.TPX.dacomitinib.P72,f88.PHLCNOTCH 10.TPX.dacomitinib.P73,f88.PHLCNOTCH 10.TPX.dacomitinib.P78,f88.PHLCNOTCH 10.TPX.dacomitinib.P86,f88.PHLCNOTCH 10.TPX.dacomitinib.P89,f88.PHLCNOTCH 10.TPX.dacomitinib.P90","f88.PHLCNOTCH 10.TPX.control.P13,f88.PHLCNOTCH 10.TPX.control.P28,f88.PHLCNOTCH 10.TPX.control.P3,f88.PHLCNOTCH 10.TPX.control.P36,f88.PHLCNOTCH 10.TPX.control.P50,f88.PHLCNOTCH 10.TPX.control.P53,f88.PHLCNOTCH 10.TPX.control.P57,f88.PHLCNOTCH 10.TPX.control.P61,f88.PHLCNOTCH 10.TPX.control.P68,f88.PHLCNOTCH 10.TPX.control.P70,f88.PHLCNOTCH 10.TPX.control.P85,f88.PHLCNOTCH 10.TPX.control.P88"
f88.PHLCNOTCH 10.TPX.dacomitinib+PF384,"f88.PHLCNOTCH 10.TPX.dacomitinib+PF384.P10,f88.PHLCNOTCH 10.TPX.dacomitinib+PF384.P11,f88.PHLCNOTCH 10.TPX.dacomitinib+PF384.P19,f88.PHLCNOTCH 10.TPX.dacomitinib+PF384.P33,f88.PHLCNOTCH 10.TPX.dacomitinib+PF384.P34,f88.PHLCNOTCH 10.TPX.dacomitinib+PF384.P39,f88.PHLCNOTCH 10.TPX.dacomitinib+PF384.P40,f88.PHLCNOTCH 10.TPX.dacomitinib+PF384.P48,f88.PHLCNOTCH 10.TPX.dacomitinib+PF384.P52,f88.PHLCNOTCH 10.TPX.dacomitinib+PF384.P54,f88.PHLCNOTCH 10.TPX.dacomitinib+PF384.P66,f88.PHLCNOTCH 10.TPX.dacomitinib+PF384.P8,f88.PHLCNOTCH 10.TPX.dacomitinib+PF384.P83,f88.PHLCNOTCH 10.TPX.dacomitinib+PF384.P87,f88.PHLCNOTCH 10.TPX.dacomitinib+PF384.P9","f88.PHLCNOTCH 10.TPX.control.P13,f88.PHLCNOTCH 10.TPX.control.P28,f88.PHLCNOTCH 10.TPX.control.P3,f88.PHLCNOTCH 10.TPX.control.P36,f88.PHLCNOTCH 10.TPX.control.P50,f88.PHLCNOTCH 10.TPX.control.P53,f88.PHLCNOTCH 10.TPX.control.P57,f88.PHLCNOTCH 10.TPX.control.P61,f88.PHLCNOTCH 10.TPX.control.P68,f88.PHLCNOTCH 10.TPX.control.P70,f88.PHLCNOTCH 10.TPX.control.P85,f88.PHLCNOTCH 10.TPX.control.P88"
f88.PHLCNOTCH 10.TPX.paclitaxel,"f88.PHLCNOTCH 10.TPX.paclitaxel.P22,f88.PHLCNOTCH 10.TPX.paclitaxel.P23,f88.PHLCNOTCH 10.TPX.paclitaxel.P24,f88.PHLCNOTCH 10.TPX.paclitaxel.P26,f88.PHLCNOTCH 10.TPX.paclitaxel.P32,f88.PHLCNOTCH 10.TPX.paclitaxel.P41,f88.PHLCNOTCH 10.TPX.paclitaxel.P42,f88.PHLCNOTCH 10.TPX.paclitaxel.P43,f88.PHLCNOTCH 10.TPX.paclitaxel.P44,f88.PHLCNOTCH 10.TPX.paclitaxel.P58,f88.PHLCNOTCH 10.TPX.paclitaxel.P65,f88.PHLCNOTCH 10.TPX.paclitaxel.P69,f88.PHLCNOTCH 10.TPX.paclitaxel.P80,f88.PHLCNOTCH 10.TPX.paclitaxel.P81,f88.PHLCNOTCH 10.TPX.paclitaxel.P84","f88.PHLCNOTCH 10.TPX.control.P13,f88.PHLCNOTCH 10.TPX.control.P28,f88.PHLCNOTCH 10.TPX.control.P3,f88.PHLCNOTCH 10.TPX.control.P36,f88.PHLCNOTCH 10.TPX.control.P50,f88.PHLCNOTCH 10.TPX.control.P53,f88.PHLCNOTCH 10.TPX.control.P57,f88.PHLCNOTCH 10.TPX.control.P61,f88.PHLCNOTCH 10.TPX.control.P68,f88.PHLCNOTCH 10.TPX.control.P70,f88.PHLCNOTCH 10.TPX.control.P85,f88.PHLCNOTCH 10.TPX.control.P88"
f88.PHLCNOTCH 10.TPX.paclitaxel+PF384,"f88.PHLCNOTCH 10.TPX.paclitaxel+PF384.P16,f88.PHLCNOTCH 10.TPX.paclitaxel+PF384.P17,f88.PHLCNOTCH 10.TPX.paclitaxel+PF384.P30,f88.PHLCNOTCH 10.TPX.paclitaxel+PF384.P35,f88.PHLCNOTCH 10.TPX.paclitaxel+PF384.P4,f88.PHLCNOTCH 10.TPX.paclitaxel+PF384.P47,f88.PHLCNOTCH 10.TPX.paclitaxel+PF384.P49,f88.PHLCNOTCH 10.TPX.paclitaxel+PF384.P51,f88.PHLCNOTCH 10.TPX.paclitaxel+PF384.P59,f88.PHLCNOTCH 10.TPX.paclitaxel+PF384.P6,f88.PHLCNOTCH 10.TPX.paclitaxel+PF384.P7,f88.PHLCNOTCH 10.TPX.paclitaxel+PF384.P74,f88.PHLCNOTCH 10.TPX.paclitaxel+PF384.P76,f88.PHLCNOTCH 10.TPX.paclitaxel+PF384.P79,f88.PHLCNOTCH 10.TPX.paclitaxel+PF384.P82","f88.PHLCNOTCH 10.TPX.control.P13,f88.PHLCNOTCH 10.TPX.control.P28,f88.PHLCNOTCH 10.TPX.control.P3,f88.PHLCNOTCH 10.TPX.control.P36,f88.PHLCNOTCH 10.TPX.control.P50,f88.PHLCNOTCH 10.TPX.control.P53,f88.PHLCNOTCH 10.TPX.control.P57,f88.PHLCNOTCH 10.TPX.control.P61,f88.PHLCNOTCH 10.TPX.control.P68,f88.PHLCNOTCH 10.TPX.control.P70,f88.PHLCNOTCH 10.TPX.control.P85,f88.PHLCNOTCH 10.TPX.control.P88"
f90.PHLCOvarian.TPX.PF384,"f90.PHLCOvarian.TPX.PF384.P100,f90.PHLCOvarian.TPX.PF384.P2,f90.PHLCOvarian.TPX.PF384.P23,f90.PHLCOvarian.TPX.PF384.P28,f90.PHLCOvarian.TPX.PF384.P40,f90.PHLCOvarian.TPX.PF384.P59,f90.PHLCOvarian.TPX.PF384.P60,f90.PHLCOvarian.TPX.PF384.P62,f90.PHLCOvarian.TPX.PF384.P71,f90.PHLCOvarian.TPX.PF384.P76,f90.PHLCOvarian.TPX.PF384.P83,f90.PHLCOvarian.TPX.PF384.P87","f90.PHLCOvarian.TPX.control.P101,f90.PHLCOvarian.TPX.control.P15,f90.PHLCOvarian.TPX.control.P16,f90.PHLCOvarian.TPX.control.P36,f90.PHLCOvarian.TPX.control.P38,f90.PHLCOvarian.TPX.control.P49,f90.PHLCOvarian.TPX.control.P53,f90.PHLCOvarian.TPX.control.P58,f90.PHLCOvarian.TPX.control.P61,f90.PHLCOvarian.TPX.control.P69,f90.PHLCOvarian.TPX.control.P86,f90.PHLCOvarian.TPX.control.P97"
f90.PHLCOvarian.TPX.cisplatin,"f90.PHLCOvarian.TPX.cisplatin.P11,f90.PHLCOvarian.TPX.cisplatin.P22,f90.PHLCOvarian.TPX.cisplatin.P41,f90.PHLCOvarian.TPX.cisplatin.P45,f90.PHLCOvarian.TPX.cisplatin.P54,f90.PHLCOvarian.TPX.cisplatin.P6,f90.PHLCOvarian.TPX.cisplatin.P68,f90.PHLCOvarian.TPX.cisplatin.P70,f90.PHLCOvarian.TPX.cisplatin.P74,f90.PHLCOvarian.TPX.cisplatin.P75,f90.PHLCOvarian.TPX.cisplatin.P89,f90.PHLCOvarian.TPX.cisplatin.P90","f90.PHLCOvarian.TPX.control.P101,f90.PHLCOvarian.TPX.control.P15,f90.PHLCOvarian.TPX.control.P16,f90.PHLCOvarian.TPX.control.P36,f90.PHLCOvarian.TPX.control.P38,f90.PHLCOvarian.TPX.control.P49,f90.PHLCOvarian.TPX.control.P53,f90.PHLCOvarian.TPX.control.P58,f90.PHLCOvarian.TPX.control.P61,f90.PHLCOvarian.TPX.control.P69,f90.PHLCOvarian.TPX.control.P86,f90.PHLCOvarian.TPX.control.P97"
f90.PHLCOvarian.TPX.cisplatin+PF384,"f90.PHLCOvarian.TPX.cisplatin+PF384.P103,f90.PHLCOvarian.TPX.cisplatin+PF384.P14,f90.PHLCOvarian.TPX.cisplatin+PF384.P20,f90.PHLCOvarian.TPX.cisplatin+PF384.P21,f90.PHLCOvarian.TPX.cisplatin+PF384.P24,f90.PHLCOvarian.TPX.cisplatin+PF384.P26,f90.PHLCOvarian.TPX.cisplatin+PF384.P30,f90.PHLCOvarian.TPX.cisplatin+PF384.P32,f90.PHLCOvarian.TPX.cisplatin+PF384.P37,f90.PHLCOvarian.TPX.cisplatin+PF384.P48,f90.PHLCOvarian.TPX.cisplatin+PF384.P57,f90.PHLCOvarian.TPX.cisplatin+PF384.P78,f90.PHLCOvarian.TPX.cisplatin+PF384.P82","f90.PHLCOvarian.TPX.control.P101,f90.PHLCOvarian.TPX.control.P15,f90.PHLCOvarian.TPX.control.P16,f90.PHLCOvarian.TPX.control.P36,f90.PHLCOvarian.TPX.control.P38,f90.PHLCOvarian.TPX.control.P49,f90.PHLCOvarian.TPX.control.P53,f90.PHLCOvarian.TPX.control.P58,f90.PHLCOvarian.TPX.control.P61,f90.PHLCOvarian.TPX.control.P69,f90.PHLCOvarian.TPX.control.P86,f90.PHLCOvarian.TPX.control.P97"
f90.PHLCOvarian.TPX.dacomitinib,"f90.PHLCOvarian.TPX.dacomitinib.P105,f90.PHLCOvarian.TPX.dacomitinib.P12,f90.PHLCOvarian.TPX.dacomitinib.P13,f90.PHLCOvarian.TPX.dacomitinib.P18,f90.PHLCOvarian.TPX.dacomitinib.P27,f90.PHLCOvarian.TPX.dacomitinib.P51,f90.PHLCOvarian.TPX.dacomitinib.P52,f90.PHLCOvarian.TPX.dacomitinib.P72,f90.PHLCOvarian.TPX.dacomitinib.P73,f90.PHLCOvarian.TPX.dacomitinib.P79,f90.PHLCOvarian.TPX.dacomitinib.P88,f90.PHLCOvarian.TPX.dacomitinib.P94","f90.PHLCOvarian.TPX.control.P101,f90.PHLCOvarian.TPX.control.P15,f90.PHLCOvarian.TPX.control.P16,f90.PHLCOvarian.TPX.control.P36,f90.PHLCOvarian.TPX.control.P38,f90.PHLCOvarian.TPX.control.P49,f90.PHLCOvarian.TPX.control.P53,f90.PHLCOvarian.TPX.control.P58,f90.PHLCOvarian.TPX.control.P61,f90.PHLCOvarian.TPX.control.P69,f90.PHLCOvarian.TPX.control.P86,f90.PHLCOvarian.TPX.control.P97"
f90.PHLCOvarian.TPX.dacomitinib+PF384,"f90.PHLCOvarian.TPX.dacomitinib+PF384.P17,f90.PHLCOvarian.TPX.dacomitinib+PF384.P19,f90.PHLCOvarian.TPX.dacomitinib+PF384.P29,f90.PHLCOvarian.TPX.dacomitinib+PF384.P31,f90.PHLCOvarian.TPX.dacomitinib+PF384.P33,f90.PHLCOvarian.TPX.dacomitinib+PF384.P34,f90.PHLCOvarian.TPX.dacomitinib+PF384.P44,f90.PHLCOvarian.TPX.dacomitinib+PF384.P50,f90.PHLCOvarian.TPX.dacomitinib+PF384.P64,f90.PHLCOvarian.TPX.dacomitinib+PF384.P67,f90.PHLCOvarian.TPX.dacomitinib+PF384.P77,f90.PHLCOvarian.TPX.dacomitinib+PF384.P85","f90.PHLCOvarian.TPX.control.P101,f90.PHLCOvarian.TPX.control.P15,f90.PHLCOvarian.TPX.control.P16,f90.PHLCOvarian.TPX.control.P36,f90.PHLCOvarian.TPX.control.P38,f90.PHLCOvarian.TPX.control.P49,f90.PHLCOvarian.TPX.control.P53,f90.PHLCOvarian.TPX.control.P58,f90.PHLCOvarian.TPX.control.P61,f90.PHLCOvarian.TPX.control.P69,f90.PHLCOvarian.TPX.control.P86,f90.PHLCOvarian.TPX.control.P97"
f90.PHLCOvarian.TPX.paclitaxel,"f90.PHLCOvarian.TPX.paclitaxel.P102,f90.PHLCOvarian.TPX.paclitaxel.P35,f90.PHLCOvarian.TPX.paclitaxel.P4,f90.PHLCOvarian.TPX.paclitaxel.P43,f90.PHLCOvarian.TPX.paclitaxel.P46,f90.PHLCOvarian.TPX.paclitaxel.P7,f90.PHLCOvarian.TPX.paclitaxel.P80,f90.PHLCOvarian.TPX.paclitaxel.P81,f90.PHLCOvarian.TPX.paclitaxel.P84,f90.PHLCOvarian.TPX.paclitaxel.P91,f90.PHLCOvarian.TPX.paclitaxel.P95,f90.PHLCOvarian.TPX.paclitaxel.P96","f90.PHLCOvarian.TPX.control.P101,f90.PHLCOvarian.TPX.control.P15,f90.PHLCOvarian.TPX.control.P16,f90.PHLCOvarian.TPX.control.P36,f90.PHLCOvarian.TPX.control.P38,f90.PHLCOvarian.TPX.control.P49,f90.PHLCOvarian.TPX.control.P53,f90.PHLCOvarian.TPX.control.P58,f90.PHLCOvarian.TPX.control.P61,f90.PHLCOvarian.TPX.control.P69,f90.PHLCOvarian.TPX.control.P86,f90.PHLCOvarian.TPX.control.P97"
f90.PHLCOvarian.TPX.paclitaxel+PF384,"f90.PHLCOvarian.TPX.paclitaxel+PF384.P1,f90.PHLCOvarian.TPX.paclitaxel+PF384.P10,f90.PHLCOvarian.TPX.paclitaxel+PF384.P25,f90.PHLCOvarian.TPX.paclitaxel+PF384.P3,f90.PHLCOvarian.TPX.paclitaxel+PF384.P42,f90.PHLCOvarian.TPX.paclitaxel+PF384.P47,f90.PHLCOvarian.TPX.paclitaxel+PF384.P56,f90.PHLCOvarian.TPX.paclitaxel+PF384.P63,f90.PHLCOvarian.TPX.paclitaxel+PF384.P65,f90.PHLCOvarian.TPX.paclitaxel+PF384.P9,f90.PHLCOvarian.TPX.paclitaxel+PF384.P92,f90.PHLCOvarian.TPX.paclitaxel+PF384.P93,f90.PHLCOvarian.TPX.paclitaxel+PF384.P98","f90.PHLCOvarian.TPX.control.P101,f90.PHLCOvarian.TPX.control.P15,f90.PHLCOvarian.TPX.control.P16,f90.PHLCOvarian.TPX.control.P36,f90.PHLCOvarian.TPX.control.P38,f90.PHLCOvarian.TPX.control.P49,f90.PHLCOvarian.TPX.control.P53,f90.PHLCOvarian.TPX.control.P58,f90.PHLCOvarian.TPX.control.P61,f90.PHLCOvarian.TPX.control.P69,f90.PHLCOvarian.TPX.control.P86,f90.PHLCOvarian.TPX.control.P97"
f91.PHLC410.TPX.Vandetanib,"f91.PHLC410.TPX.Vandetanib.P501,f91.PHLC410.TPX.Vandetanib.P503,f91.PHLC410.TPX.Vandetanib.P504,f91.PHLC410.TPX.Vandetanib.P506,f91.PHLC410.TPX.Vandetanib.P507,f91.PHLC410.TPX.Vandetanib.P511","f91.PHLC410.TPX.control.P502,f91.PHLC410.TPX.control.P508,f91.PHLC410.TPX.control.P509,f91.PHLC410.TPX.control.P510,f91.PHLC410.TPX.control.P512,f91.PHLC410.TPX.control.P513"
f92.PHLC470.TPX.Vandetanib,"f92.PHLC470.TPX.Vandetanib.P503,f92.PHLC470.TPX.Vandetanib.P504,f92.PHLC470.TPX.Vandetanib.P508,f92.PHLC470.TPX.Vandetanib.P509,f92.PHLC470.TPX.Vandetanib.P512,f92.PHLC470.TPX.Vandetanib.P513","f92.PHLC470.TPX.control.P501,f92.PHLC470.TPX.control.P502,f92.PHLC470.TPX.control.P505,f92.PHLC470.TPX.control.P506,f92.PHLC470.TPX.control.P507,f92.PHLC470.TPX.control.P511"
